filename,scenario,type,n,instance,dp_obj,dp_time,gurobi_obj,gurobi_time,obj_match
kpdwfs_sc1_id10_n1000_b1550_sets89_k288_correlated.txt,1,C,1000,10,3621.0,15.1678,3621.0,0.1025,True
kpdwfs_sc1_id10_n300_b465_sets77_k320_correlated.txt,1,C,300,10,1356.0,0.4353,1356.0,0.5955,True
kpdwfs_sc1_id10_n500_b775_sets83_k320_correlated.txt,1,C,500,10,2135.0,2.0615,2135.0,0.0449,True
kpdwfs_sc1_id10_n700_b1085_sets91_k320_correlated.txt,1,C,700,10,2945.0,6.3956,2945.0,0.0688,True
kpdwfs_sc1_id10_n800_b1240_sets94_k288_correlated.txt,1,C,800,10,3266.0,8.5701,3266.0,0.0734,True
kpdwfs_sc1_id1_n1000_b1550_sets89_k288_correlated.txt,1,C,1000,1,3736.0,21.2870,3736.0,0.1576,True
kpdwfs_sc1_id1_n300_b465_sets74_k320_correlated.txt,1,C,300,1,1249.0,0.3716,1249.0,0.0166,True
kpdwfs_sc1_id1_n500_b775_sets78_k320_correlated.txt,1,C,500,1,2132.0,1.9295,2132.0000006112987,0.0487,True
kpdwfs_sc1_id1_n700_b1085_sets82_k320_correlated.txt,1,C,700,1,2803.0,6.8546,2803.0,0.0611,True
kpdwfs_sc1_id1_n800_b1240_sets93_k288_correlated.txt,1,C,800,1,3221.0,8.6711,3221.0,0.1240,True
kpdwfs_sc1_id2_n1000_b1550_sets96_k288_correlated.txt,1,C,1000,2,3559.0,20.6229,3559.0,0.1353,True
kpdwfs_sc1_id2_n300_b465_sets79_k320_correlated.txt,1,C,300,2,1365.0,0.3551,1365.0,0.0170,True
kpdwfs_sc1_id2_n500_b775_sets83_k320_correlated.txt,1,C,500,2,2182.0,2.1325,2182.0,0.0748,True
kpdwfs_sc1_id2_n700_b1085_sets102_k320_correlated.txt,1,C,700,2,2863.0,8.2327,2863.0,0.0936,True
kpdwfs_sc1_id2_n800_b1240_sets100_k288_correlated.txt,1,C,800,2,3252.0,12.8334,3252.0,0.0835,True
kpdwfs_sc1_id3_n1000_b1550_sets89_k288_correlated.txt,1,C,1000,3,3731.0,23.6333,3731.0,0.0964,True
kpdwfs_sc1_id3_n300_b465_sets76_k320_correlated.txt,1,C,300,3,1331.0,0.3739,1331.0,0.0312,True
kpdwfs_sc1_id3_n500_b775_sets84_k320_correlated.txt,1,C,500,3,2128.0,2.0397,2128.0,0.0442,True
kpdwfs_sc1_id3_n700_b1085_sets86_k320_correlated.txt,1,C,700,3,2927.0,9.4308,2927.0,0.0885,True
kpdwfs_sc1_id3_n800_b1240_sets92_k288_correlated.txt,1,C,800,3,3204.0,11.4135,3204.0,0.1127,True
kpdwfs_sc1_id4_n1000_b1550_sets90_k288_correlated.txt,1,C,1000,4,3735.0,21.4162,3735.0,0.1008,True
kpdwfs_sc1_id4_n300_b465_sets78_k320_correlated.txt,1,C,300,4,1262.0,0.3804,1262.0,0.0250,True
kpdwfs_sc1_id4_n500_b775_sets81_k320_correlated.txt,1,C,500,4,2171.0,2.0957,2171.0,0.0825,True
kpdwfs_sc1_id4_n700_b1085_sets82_k320_correlated.txt,1,C,700,4,2873.0,10.4636,2873.0,0.0610,True
kpdwfs_sc1_id4_n800_b1240_sets99_k288_correlated.txt,1,C,800,4,3322.0,11.9930,3322.0,0.0913,True
kpdwfs_sc1_id5_n1000_b1550_sets84_k288_correlated.txt,1,C,1000,5,3458.0,23.8553,3458.0,0.0962,True
kpdwfs_sc1_id5_n300_b465_sets75_k320_correlated.txt,1,C,300,5,1291.0,0.3871,1291.0,0.0261,True
kpdwfs_sc1_id5_n500_b775_sets83_k320_correlated.txt,1,C,500,5,2289.0,2.0699,2289.0,0.0512,True
kpdwfs_sc1_id5_n700_b1085_sets80_k320_correlated.txt,1,C,700,5,2821.0,10.8331,2821.0,0.0930,True
kpdwfs_sc1_id5_n800_b1240_sets91_k288_correlated.txt,1,C,800,5,3065.0,12.3003,3065.0,0.0548,True
kpdwfs_sc1_id6_n1000_b1550_sets91_k288_correlated.txt,1,C,1000,6,3872.0,22.7729,3872.0,0.0746,True
kpdwfs_sc1_id6_n300_b465_sets78_k320_correlated.txt,1,C,300,6,1295.0,0.4534,1295.0,0.0768,True
kpdwfs_sc1_id6_n500_b775_sets87_k320_correlated.txt,1,C,500,6,2090.0,2.0279,2090.0,0.0507,True
kpdwfs_sc1_id6_n700_b1085_sets92_k320_correlated.txt,1,C,700,6,2776.0,9.9895,2776.0,0.1033,True
kpdwfs_sc1_id6_n800_b1240_sets87_k288_correlated.txt,1,C,800,6,3132.0,11.5543,3132.0,0.1167,True
kpdwfs_sc1_id7_n1000_b1550_sets96_k288_correlated.txt,1,C,1000,7,3731.0,21.6543,3731.0,0.0920,True
kpdwfs_sc1_id7_n300_b465_sets78_k320_correlated.txt,1,C,300,7,1355.0,0.3554,1355.0,0.0180,True
kpdwfs_sc1_id7_n500_b775_sets83_k320_correlated.txt,1,C,500,7,2171.0,2.0047,2171.0,0.0385,True
kpdwfs_sc1_id7_n700_b1085_sets88_k320_correlated.txt,1,C,700,7,2977.0,5.9947,2977.0,0.1107,True
kpdwfs_sc1_id7_n800_b1240_sets86_k288_correlated.txt,1,C,800,7,3140.0,9.6165,3140.0,0.0850,True
kpdwfs_sc1_id8_n1000_b1550_sets93_k288_correlated.txt,1,C,1000,8,3634.0,20.7296,3634.0,0.0889,True
kpdwfs_sc1_id8_n300_b465_sets76_k320_correlated.txt,1,C,300,8,1366.0,0.3806,1366.0,0.1297,True
kpdwfs_sc1_id8_n500_b775_sets83_k320_correlated.txt,1,C,500,8,2268.0,1.9642,2268.0,0.0957,True
kpdwfs_sc1_id8_n700_b1085_sets88_k320_correlated.txt,1,C,700,8,2878.0,8.2710,2878.0,0.0797,True
kpdwfs_sc1_id8_n800_b1240_sets81_k288_correlated.txt,1,C,800,8,3059.0,11.7940,3059.0,0.0983,True
kpdwfs_sc1_id9_n1000_b1550_sets85_k288_correlated.txt,1,C,1000,9,3598.0,20.0759,3598.0,0.1247,True
kpdwfs_sc1_id9_n300_b465_sets74_k320_correlated.txt,1,C,300,9,1285.0,0.4244,1285.0,0.0365,True
kpdwfs_sc1_id9_n500_b775_sets82_k320_correlated.txt,1,C,500,9,2108.0,2.1887,2108.0,0.0717,True
kpdwfs_sc1_id9_n700_b1085_sets90_k320_correlated.txt,1,C,700,9,2928.0,9.8209,2928.0,0.0660,True
kpdwfs_sc1_id9_n800_b1240_sets96_k288_correlated.txt,1,C,800,9,3337.0,11.1850,3337.0,0.0711,True
kpdwfs_sc1_id10_n1000_b1550_sets96_k288_fully-correlated.txt,1,FC,1000,10,3688.0,22.1229,3688.0,0.0835,True
kpdwfs_sc1_id10_n300_b465_sets73_k320_fully-correlated.txt,1,FC,300,10,1291.0,0.3950,1291.0,0.2067,True
kpdwfs_sc1_id10_n500_b775_sets79_k320_fully-correlated.txt,1,FC,500,10,2111.0,2.2094,2111.0,0.0369,True
kpdwfs_sc1_id10_n700_b1085_sets82_k320_fully-correlated.txt,1,FC,700,10,2911.0,11.1141,2911.0,0.0555,True
kpdwfs_sc1_id10_n800_b1240_sets93_k288_fully-correlated.txt,1,FC,800,10,3219.0,11.3982,3219.0,0.0839,True
kpdwfs_sc1_id1_n1000_b1550_sets88_k288_fully-correlated.txt,1,FC,1000,1,3590.0,27.1357,3590.0,0.0637,True
kpdwfs_sc1_id1_n300_b465_sets78_k320_fully-correlated.txt,1,FC,300,1,1257.0,0.4057,1257.0,0.0274,True
kpdwfs_sc1_id1_n500_b775_sets87_k320_fully-correlated.txt,1,FC,500,1,2218.0,2.5177,2218.0,0.2814,True
kpdwfs_sc1_id1_n700_b1085_sets92_k320_fully-correlated.txt,1,FC,700,1,3029.0,11.3705,3029.0,0.0865,True
kpdwfs_sc1_id1_n800_b1240_sets94_k288_fully-correlated.txt,1,FC,800,1,3237.0,12.4901,3237.0,0.1155,True
kpdwfs_sc1_id2_n1000_b1550_sets85_k288_fully-correlated.txt,1,FC,1000,2,3525.0,22.9318,3525.0,0.0628,True
kpdwfs_sc1_id2_n300_b465_sets75_k320_fully-correlated.txt,1,FC,300,2,1359.0,0.4009,1359.0,0.0250,True
kpdwfs_sc1_id2_n500_b775_sets85_k320_fully-correlated.txt,1,FC,500,2,2269.0,2.0155,2269.0,0.0458,True
kpdwfs_sc1_id2_n700_b1085_sets84_k320_fully-correlated.txt,1,FC,700,2,2859.0,11.7193,2859.0,0.0530,True
kpdwfs_sc1_id2_n800_b1240_sets81_k288_fully-correlated.txt,1,FC,800,2,3083.0,15.7343,3083.0,0.0789,True
kpdwfs_sc1_id3_n1000_b1550_sets91_k288_fully-correlated.txt,1,FC,1000,3,3798.0,22.4630,3798.0,0.0753,True
kpdwfs_sc1_id3_n300_b465_sets78_k320_fully-correlated.txt,1,FC,300,3,1308.0,0.3807,1308.0,0.0493,True
kpdwfs_sc1_id3_n500_b775_sets88_k320_fully-correlated.txt,1,FC,500,3,2110.0,2.0209,2110.0,0.0646,True
kpdwfs_sc1_id3_n700_b1085_sets87_k320_fully-correlated.txt,1,FC,700,3,2857.0,9.6714,2857.0,0.1140,True
kpdwfs_sc1_id3_n800_b1240_sets93_k288_fully-correlated.txt,1,FC,800,3,3280.0,12.7565,3280.0,0.0591,True
kpdwfs_sc1_id4_n1000_b1550_sets113_k288_fully-correlated.txt,1,FC,1000,4,4071.0,18.9774,4071.0,0.1183,True
kpdwfs_sc1_id4_n300_b465_sets75_k320_fully-correlated.txt,1,FC,300,4,1295.0,0.4346,1295.0,0.0400,True
kpdwfs_sc1_id4_n500_b775_sets93_k320_fully-correlated.txt,1,FC,500,4,2145.0,1.9122,2145.0,0.0648,True
kpdwfs_sc1_id4_n700_b1085_sets83_k320_fully-correlated.txt,1,FC,700,4,2896.0,11.1457,2896.0,0.0752,True
kpdwfs_sc1_id4_n800_b1240_sets85_k288_fully-correlated.txt,1,FC,800,4,3149.0,11.7517,3149.0,0.0961,True
kpdwfs_sc1_id5_n1000_b1550_sets99_k288_fully-correlated.txt,1,FC,1000,5,3691.0,19.5310,3691.0,0.0942,True
kpdwfs_sc1_id5_n300_b465_sets78_k320_fully-correlated.txt,1,FC,300,5,1313.0,0.3773,1313.0,0.0370,True
kpdwfs_sc1_id5_n500_b775_sets79_k320_fully-correlated.txt,1,FC,500,5,2211.0,2.0448,2211.0,0.0671,True
kpdwfs_sc1_id5_n700_b1085_sets92_k320_fully-correlated.txt,1,FC,700,5,3000.0,8.0860,3000.0,0.0942,True
kpdwfs_sc1_id5_n800_b1240_sets86_k288_fully-correlated.txt,1,FC,800,5,3116.0,10.3819,3116.0,0.0624,True
kpdwfs_sc1_id6_n1000_b1550_sets95_k288_fully-correlated.txt,1,FC,1000,6,3644.0,22.2188,3644.0,0.0834,True
kpdwfs_sc1_id6_n300_b465_sets75_k320_fully-correlated.txt,1,FC,300,6,1375.0,0.4404,1375.0,0.0250,True
kpdwfs_sc1_id6_n500_b775_sets81_k320_fully-correlated.txt,1,FC,500,6,2218.0,2.1077,2218.0,0.1262,True
kpdwfs_sc1_id6_n700_b1085_sets89_k320_fully-correlated.txt,1,FC,700,6,2832.0,6.3685,2832.0,0.0523,True
kpdwfs_sc1_id6_n800_b1240_sets94_k288_fully-correlated.txt,1,FC,800,6,3183.0,11.3862,3183.0,0.0868,True
kpdwfs_sc1_id7_n1000_b1550_sets96_k288_fully-correlated.txt,1,FC,1000,7,3721.0,21.2679,3721.0,0.0601,True
kpdwfs_sc1_id7_n300_b465_sets78_k320_fully-correlated.txt,1,FC,300,7,1405.0,0.3552,1405.0,0.0135,True
kpdwfs_sc1_id7_n500_b775_sets93_k320_fully-correlated.txt,1,FC,500,7,2092.0,1.8733,2092.0,0.0414,True
kpdwfs_sc1_id7_n700_b1085_sets97_k320_fully-correlated.txt,1,FC,700,7,3011.0,9.2838,3011.0,0.0618,True
kpdwfs_sc1_id7_n800_b1240_sets86_k288_fully-correlated.txt,1,FC,800,7,3109.0,8.8831,3109.0,0.0910,True
kpdwfs_sc1_id8_n1000_b1550_sets94_k288_fully-correlated.txt,1,FC,1000,8,3709.0,19.7700,3709.0,0.0540,True
kpdwfs_sc1_id8_n300_b465_sets74_k320_fully-correlated.txt,1,FC,300,8,1295.0,0.4031,1295.0,0.0231,True
kpdwfs_sc1_id8_n500_b775_sets83_k320_fully-correlated.txt,1,FC,500,8,2120.0,1.9984,2120.0,0.0590,True
kpdwfs_sc1_id8_n700_b1085_sets94_k320_fully-correlated.txt,1,FC,700,8,2945.0,9.1126,2945.0,0.0917,True
kpdwfs_sc1_id8_n800_b1240_sets87_k288_fully-correlated.txt,1,FC,800,8,3177.0,12.1319,3177.0,0.0874,True
kpdwfs_sc1_id9_n1000_b1550_sets91_k288_fully-correlated.txt,1,FC,1000,9,3676.0,33.5226,3676.0,0.1333,True
kpdwfs_sc1_id9_n300_b465_sets72_k320_fully-correlated.txt,1,FC,300,9,1275.0,0.7694,1275.0,0.0228,True
kpdwfs_sc1_id9_n500_b775_sets78_k320_fully-correlated.txt,1,FC,500,9,2071.0,3.6806,2071.0,0.0448,True
kpdwfs_sc1_id9_n700_b1085_sets84_k320_fully-correlated.txt,1,FC,700,9,2837.0,12.3994,2837.0,0.0910,True
kpdwfs_sc1_id9_n800_b1240_sets92_k288_fully-correlated.txt,1,FC,800,9,3225.0,15.9360,3225.0,0.0726,True
kpdwfs_sc1_id10_n1000_b1550_sets93_k288_not-correlated.txt,1,NC,1000,10,4454.0,33.6095,4454.0,0.0841,True
kpdwfs_sc1_id10_n300_b465_sets78_k320_not-correlated.txt,1,NC,300,10,1621.0,0.6493,1621.0,0.0226,True
kpdwfs_sc1_id10_n500_b775_sets81_k320_not-correlated.txt,1,NC,500,10,2618.0,3.6737,2618.0,0.0673,True
kpdwfs_sc1_id10_n700_b1085_sets89_k320_not-correlated.txt,1,NC,700,10,3368.0,11.9107,3368.0,0.0832,True
kpdwfs_sc1_id10_n800_b1240_sets84_k288_not-correlated.txt,1,NC,800,10,3578.0,17.1120,3578.0,0.1067,True
kpdwfs_sc1_id1_n1000_b1550_sets89_k288_not-correlated.txt,1,NC,1000,1,4121.0,33.9256,4121.0,0.0988,True
kpdwfs_sc1_id1_n300_b465_sets76_k320_not-correlated.txt,1,NC,300,1,1569.0,0.6138,1569.0,0.0213,True
kpdwfs_sc1_id1_n500_b775_sets83_k320_not-correlated.txt,1,NC,500,1,2473.0,3.3135,2473.0,0.0559,True
kpdwfs_sc1_id1_n700_b1085_sets91_k320_not-correlated.txt,1,NC,700,1,3107.0,14.7352,3107.0,0.1370,True
kpdwfs_sc1_id1_n800_b1240_sets85_k288_not-correlated.txt,1,NC,800,1,3485.0,18.0076,3485.0,0.1155,True
kpdwfs_sc1_id2_n1000_b1550_sets87_k288_not-correlated.txt,1,NC,1000,2,3980.0,29.9953,3980.0,0.1166,True
kpdwfs_sc1_id2_n300_b465_sets74_k320_not-correlated.txt,1,NC,300,2,1550.0,0.5649,1550.0,0.0161,True
kpdwfs_sc1_id2_n500_b775_sets79_k320_not-correlated.txt,1,NC,500,2,2492.0,3.2774,2492.0,0.0550,True
kpdwfs_sc1_id2_n700_b1085_sets80_k320_not-correlated.txt,1,NC,700,2,3135.0,14.8105,3135.0,0.0740,True
kpdwfs_sc1_id2_n800_b1240_sets95_k288_not-correlated.txt,1,NC,800,2,3613.0,16.2721,3613.0,0.1108,True
kpdwfs_sc1_id3_n1000_b1550_sets88_k288_not-correlated.txt,1,NC,1000,3,4082.0,31.2344,4082.0,0.1393,True
kpdwfs_sc1_id3_n300_b465_sets74_k320_not-correlated.txt,1,NC,300,3,1462.0,0.6235,1462.0,0.0149,True
kpdwfs_sc1_id3_n500_b775_sets80_k320_not-correlated.txt,1,NC,500,3,2557.0,3.1353,2557.0,0.0422,True
kpdwfs_sc1_id3_n700_b1085_sets84_k320_not-correlated.txt,1,NC,700,3,3177.0,6.9188,3177.0,0.1001,True
kpdwfs_sc1_id3_n800_b1240_sets96_k288_not-correlated.txt,1,NC,800,3,3672.0,11.9192,3672.0,0.0960,True
kpdwfs_sc1_id4_n1000_b1550_sets97_k288_not-correlated.txt,1,NC,1000,4,4226.0,20.8929,4226.0,0.1029,True
kpdwfs_sc1_id4_n300_b465_sets77_k320_not-correlated.txt,1,NC,300,4,1797.0,0.3433,1797.0,0.0550,True
kpdwfs_sc1_id4_n500_b775_sets84_k320_not-correlated.txt,1,NC,500,4,2338.0,1.9364,2338.0,0.0391,True
kpdwfs_sc1_id4_n700_b1085_sets86_k320_not-correlated.txt,1,NC,700,4,3160.0,5.2948,3160.0,0.0669,True
kpdwfs_sc1_id4_n800_b1240_sets91_k288_not-correlated.txt,1,NC,800,4,3686.0,7.3226,3686.0,0.1012,True
kpdwfs_sc1_id5_n1000_b1550_sets90_k288_not-correlated.txt,1,NC,1000,5,4096.0,22.6916,4096.0,0.0785,True
kpdwfs_sc1_id5_n300_b465_sets78_k320_not-correlated.txt,1,NC,300,5,1529.0,0.5245,1529.0,0.0165,True
kpdwfs_sc1_id5_n500_b775_sets84_k320_not-correlated.txt,1,NC,500,5,2540.0,2.5377,2540.0,0.0281,True
kpdwfs_sc1_id5_n700_b1085_sets86_k320_not-correlated.txt,1,NC,700,5,3285.0,8.3177,3285.0,0.0922,True
kpdwfs_sc1_id5_n800_b1240_sets86_k288_not-correlated.txt,1,NC,800,5,3632.0,9.9129,3632.0,0.1033,True
kpdwfs_sc1_id6_n1000_b1550_sets93_k288_not-correlated.txt,1,NC,1000,6,4413.0,24.9158,4413.0,0.0700,True
kpdwfs_sc1_id6_n300_b465_sets79_k320_not-correlated.txt,1,NC,300,6,1637.0,0.3899,1637.0,0.0232,True
kpdwfs_sc1_id6_n500_b775_sets89_k320_not-correlated.txt,1,NC,500,6,2381.0,1.9662,2381.0,0.0457,True
kpdwfs_sc1_id6_n700_b1085_sets84_k320_not-correlated.txt,1,NC,700,6,3349.0,7.7290,3349.0,0.0676,True
kpdwfs_sc1_id6_n800_b1240_sets88_k288_not-correlated.txt,1,NC,800,6,3494.0,9.1138,3494.0,0.0770,True
kpdwfs_sc1_id7_n1000_b1550_sets87_k288_not-correlated.txt,1,NC,1000,7,3974.0,22.1725,3974.0,0.0926,True
kpdwfs_sc1_id7_n300_b465_sets73_k320_not-correlated.txt,1,NC,300,7,1550.0,0.4258,1550.0,0.0191,True
kpdwfs_sc1_id7_n500_b775_sets75_k320_not-correlated.txt,1,NC,500,7,2547.0,2.1725,2547.0,0.0416,True
kpdwfs_sc1_id7_n700_b1085_sets86_k320_not-correlated.txt,1,NC,700,7,3341.0,6.7327,3341.0,0.0760,True
kpdwfs_sc1_id7_n800_b1240_sets89_k288_not-correlated.txt,1,NC,800,7,3757.0,10.0626,3757.0,0.0630,True
kpdwfs_sc1_id8_n1000_b1550_sets86_k288_not-correlated.txt,1,NC,1000,8,4141.0,19.8599,4141.0,0.1120,True
kpdwfs_sc1_id8_n300_b465_sets77_k320_not-correlated.txt,1,NC,300,8,1588.0,0.3790,1588.0,0.0203,True
kpdwfs_sc1_id8_n500_b775_sets75_k320_not-correlated.txt,1,NC,500,8,2539.0,2.2646,2539.0,0.0543,True
kpdwfs_sc1_id8_n700_b1085_sets84_k320_not-correlated.txt,1,NC,700,8,3450.0,9.2877,3450.0,0.0902,True
kpdwfs_sc1_id8_n800_b1240_sets88_k288_not-correlated.txt,1,NC,800,8,3806.0,9.4813,3806.0,0.0751,True
kpdwfs_sc1_id9_n1000_b1550_sets85_k288_not-correlated.txt,1,NC,1000,9,4112.0,23.0888,4112.0,0.1134,True
kpdwfs_sc1_id9_n300_b465_sets72_k320_not-correlated.txt,1,NC,300,9,1533.0,0.3721,1533.0,0.0161,True
kpdwfs_sc1_id9_n500_b775_sets87_k320_not-correlated.txt,1,NC,500,9,2471.0,1.8802,2471.0,0.0283,True
kpdwfs_sc1_id9_n700_b1085_sets93_k320_not-correlated.txt,1,NC,700,9,3365.0,5.0948,3365.0,0.0725,True
kpdwfs_sc1_id9_n800_b1240_sets93_k288_not-correlated.txt,1,NC,800,9,3527.0,8.5981,3527.0,0.1094,True
kpdwfs_sc2_id10_n1000_b1550_sets36_k288_correlated.txt,2,C,1000,10,1962.0,11.8376,1962.0,0.0610,True
kpdwfs_sc2_id10_n300_b465_sets33_k320_correlated.txt,2,C,300,10,1235.0,0.8493,1235.0,0.0223,True
kpdwfs_sc2_id10_n500_b775_sets38_k320_correlated.txt,2,C,500,10,1645.0,2.2884,1645.0,0.0637,True
kpdwfs_sc2_id10_n700_b1085_sets40_k320_correlated.txt,2,C,700,10,1989.0,5.0908,1989.0,0.0710,True
kpdwfs_sc2_id10_n800_b1240_sets38_k288_correlated.txt,2,C,800,10,2250.0,7.7273,2250.0,0.0364,True
kpdwfs_sc2_id1_n1000_b1550_sets40_k288_correlated.txt,2,C,1000,1,2279.0,12.9010,2279.0,0.0559,True
kpdwfs_sc2_id1_n300_b465_sets32_k320_correlated.txt,2,C,300,1,1161.0,0.9642,1161.0,0.0170,True
kpdwfs_sc2_id1_n500_b775_sets35_k320_correlated.txt,2,C,500,1,1648.0,2.7129,1648.0,0.0598,True
kpdwfs_sc2_id1_n700_b1085_sets36_k320_correlated.txt,2,C,700,1,1768.0,6.1617,1768.0,0.0391,True
kpdwfs_sc2_id1_n800_b1240_sets38_k288_correlated.txt,2,C,800,1,2049.0,6.5929,2049.0,0.0620,True
kpdwfs_sc2_id2_n1000_b1550_sets42_k288_correlated.txt,2,C,1000,2,2199.0,11.5795,2199.0,0.0382,True
kpdwfs_sc2_id2_n300_b465_sets33_k320_correlated.txt,2,C,300,2,1230.0,1.4034,1230.0,0.0360,True
kpdwfs_sc2_id2_n500_b775_sets40_k320_correlated.txt,2,C,500,2,1739.0,2.4795,1739.0,0.0512,True
kpdwfs_sc2_id2_n700_b1085_sets44_k320_correlated.txt,2,C,700,2,2198.0,7.3874,2198.0,0.0821,True
kpdwfs_sc2_id2_n800_b1240_sets47_k288_correlated.txt,2,C,800,2,2353.0,8.0340,2353.0,0.1019,True
kpdwfs_sc2_id3_n1000_b1550_sets38_k288_correlated.txt,2,C,1000,3,2424.0,11.7210,2424.0,0.0827,True
kpdwfs_sc2_id3_n300_b465_sets37_k320_correlated.txt,2,C,300,3,1220.0,0.7915,1220.0,0.0306,True
kpdwfs_sc2_id3_n500_b775_sets36_k320_correlated.txt,2,C,500,3,1507.0,2.6069,1507.0,0.0480,True
kpdwfs_sc2_id3_n700_b1085_sets36_k320_correlated.txt,2,C,700,3,1939.0,6.6972,1939.0,0.0358,True
kpdwfs_sc2_id3_n800_b1240_sets40_k288_correlated.txt,2,C,800,3,2225.0,7.4898,2225.0,0.0480,True
kpdwfs_sc2_id4_n1000_b1550_sets41_k288_correlated.txt,2,C,1000,4,2235.0,14.7575,2235.0,0.0380,True
kpdwfs_sc2_id4_n300_b465_sets39_k320_correlated.txt,2,C,300,4,1200.0,0.8459,1200.0,0.0314,True
kpdwfs_sc2_id4_n500_b775_sets32_k320_correlated.txt,2,C,500,4,1558.0,3.6292,1558.0,0.0343,True
kpdwfs_sc2_id4_n700_b1085_sets33_k320_correlated.txt,2,C,700,4,1916.0,9.9222,1916.0,0.0476,True
kpdwfs_sc2_id4_n800_b1240_sets44_k288_correlated.txt,2,C,800,4,2392.0,11.1665,2392.0,0.0561,True
kpdwfs_sc2_id5_n1000_b1550_sets39_k288_correlated.txt,2,C,1000,5,2205.0,14.0823,2205.0,0.0514,True
kpdwfs_sc2_id5_n300_b465_sets42_k320_correlated.txt,2,C,300,5,1219.0,0.8704,1219.0,0.0378,True
kpdwfs_sc2_id5_n500_b775_sets36_k320_correlated.txt,2,C,500,5,1721.0,2.8795,1721.0,0.0477,True
kpdwfs_sc2_id5_n700_b1085_sets36_k320_correlated.txt,2,C,700,5,1759.0,11.2365,1759.0,0.0324,True
kpdwfs_sc2_id5_n800_b1240_sets43_k288_correlated.txt,2,C,800,5,2137.0,10.1661,2137.0,0.0677,True
kpdwfs_sc2_id6_n1000_b1550_sets40_k288_correlated.txt,2,C,1000,6,2126.0,14.4567,2126.0,0.0591,True
kpdwfs_sc2_id6_n300_b465_sets39_k320_correlated.txt,2,C,300,6,1226.0,1.3092,1226.0,0.0386,True
kpdwfs_sc2_id6_n500_b775_sets41_k320_correlated.txt,2,C,500,6,1712.0,3.1657,1712.0,0.0727,True
kpdwfs_sc2_id6_n700_b1085_sets43_k320_correlated.txt,2,C,700,6,2166.0,8.8903,2166.0,0.0486,True
kpdwfs_sc2_id6_n800_b1240_sets36_k288_correlated.txt,2,C,800,6,2031.0,9.7786,2031.0,0.0533,True
kpdwfs_sc2_id7_n1000_b1550_sets44_k288_correlated.txt,2,C,1000,7,2447.0,15.0776,2447.0,0.0525,True
kpdwfs_sc2_id7_n300_b465_sets34_k320_correlated.txt,2,C,300,7,1254.0,1.1784,1254.0,0.0401,True
kpdwfs_sc2_id7_n500_b775_sets37_k320_correlated.txt,2,C,500,7,1691.0,4.8713,1691.0,0.0472,True
kpdwfs_sc2_id7_n700_b1085_sets39_k320_correlated.txt,2,C,700,7,2134.0,8.5656,2134.0,0.0713,True
kpdwfs_sc2_id7_n800_b1240_sets35_k288_correlated.txt,2,C,800,7,2039.0,8.3572,2039.0,0.0258,True
kpdwfs_sc2_id8_n1000_b1550_sets38_k288_correlated.txt,2,C,1000,8,2316.0,11.2176,2316.0,0.0650,True
kpdwfs_sc2_id8_n300_b465_sets35_k320_correlated.txt,2,C,300,8,1259.0,0.7675,1259.0,0.0516,True
kpdwfs_sc2_id8_n500_b775_sets36_k320_correlated.txt,2,C,500,8,1613.0,2.1416,1613.0,0.0180,True
kpdwfs_sc2_id8_n700_b1085_sets35_k320_correlated.txt,2,C,700,8,1860.0,7.0593,1860.0,0.0440,True
kpdwfs_sc2_id8_n800_b1240_sets38_k288_correlated.txt,2,C,800,8,1872.0,7.5226,1872.0,0.0624,True
kpdwfs_sc2_id9_n1000_b1550_sets35_k288_correlated.txt,2,C,1000,9,2156.0,13.1909,2156.0,0.0433,True
kpdwfs_sc2_id9_n300_b465_sets34_k320_correlated.txt,2,C,300,9,1168.0,0.9190,1168.0,0.0340,True
kpdwfs_sc2_id9_n500_b775_sets36_k320_correlated.txt,2,C,500,9,1641.0,3.1072,1641.0000011373052,0.0550,True
kpdwfs_sc2_id9_n700_b1085_sets38_k320_correlated.txt,2,C,700,9,2072.0,7.4774,2072.0,0.0560,True
kpdwfs_sc2_id9_n800_b1240_sets36_k288_correlated.txt,2,C,800,9,2127.0,6.0239,2127.0,0.0500,True
kpdwfs_sc2_id10_n1000_b1550_sets41_k288_fully-correlated.txt,2,FC,1000,10,2721.0,12.1926,2721.0,0.0354,True
kpdwfs_sc2_id10_n300_b465_sets30_k320_fully-correlated.txt,2,FC,300,10,1087.0,0.8062,1087.0,0.0312,True
kpdwfs_sc2_id10_n500_b775_sets35_k320_fully-correlated.txt,2,FC,500,10,1535.0,2.4692,1535.0,0.0426,True
kpdwfs_sc2_id10_n700_b1085_sets34_k320_fully-correlated.txt,2,FC,700,10,2218.0,6.6607,2218.0,0.0483,True
kpdwfs_sc2_id10_n800_b1240_sets41_k288_fully-correlated.txt,2,FC,800,10,2349.0,9.0023,2349.0,0.0390,True
kpdwfs_sc2_id1_n1000_b1550_sets37_k288_fully-correlated.txt,2,FC,1000,1,2620.0,13.1774,2620.0,0.0795,True
kpdwfs_sc2_id1_n300_b465_sets39_k320_fully-correlated.txt,2,FC,300,1,1195.0,0.7202,1195.0,0.0310,True
kpdwfs_sc2_id1_n500_b775_sets40_k320_fully-correlated.txt,2,FC,500,1,1733.0,3.4003,1733.0,0.0540,True
kpdwfs_sc2_id1_n700_b1085_sets36_k320_fully-correlated.txt,2,FC,700,1,2325.0,7.7081,2325.0,0.0551,True
kpdwfs_sc2_id1_n800_b1240_sets41_k288_fully-correlated.txt,2,FC,800,1,2421.0,10.7426,2421.0,0.0578,True
kpdwfs_sc2_id2_n1000_b1550_sets35_k288_fully-correlated.txt,2,FC,1000,2,2580.0,13.9529,2580.0,0.0812,True
kpdwfs_sc2_id2_n300_b465_sets34_k320_fully-correlated.txt,2,FC,300,2,1217.0,1.1692,1217.0,0.0290,True
kpdwfs_sc2_id2_n500_b775_sets39_k320_fully-correlated.txt,2,FC,500,2,1726.0,2.8876,1726.0,0.0230,True
kpdwfs_sc2_id2_n700_b1085_sets40_k320_fully-correlated.txt,2,FC,700,2,2292.0,8.6219,2292.0,0.0297,True
kpdwfs_sc2_id2_n800_b1240_sets31_k288_fully-correlated.txt,2,FC,800,2,2236.0,7.7460,2236.0,0.0297,True
kpdwfs_sc2_id3_n1000_b1550_sets42_k288_fully-correlated.txt,2,FC,1000,3,2780.0,11.0916,2780.0,0.0593,True
kpdwfs_sc2_id3_n300_b465_sets34_k320_fully-correlated.txt,2,FC,300,3,1198.0,0.7211,1198.0,0.0320,True
kpdwfs_sc2_id3_n500_b775_sets39_k320_fully-correlated.txt,2,FC,500,3,1668.0,2.5096,1668.0,0.0274,True
kpdwfs_sc2_id3_n700_b1085_sets40_k320_fully-correlated.txt,2,FC,700,3,2212.0,7.8082,2212.0,0.0460,True
kpdwfs_sc2_id3_n800_b1240_sets40_k288_fully-correlated.txt,2,FC,800,3,2346.0,7.4427,2346.0,0.0596,True
kpdwfs_sc2_id4_n1000_b1550_sets53_k288_fully-correlated.txt,2,FC,1000,4,3049.0,14.7738,3049.0,0.0780,True
kpdwfs_sc2_id4_n300_b465_sets36_k320_fully-correlated.txt,2,FC,300,4,1221.0,0.8829,1221.0,0.0200,True
kpdwfs_sc2_id4_n500_b775_sets44_k320_fully-correlated.txt,2,FC,500,4,1770.0,3.1483,1770.0,0.0694,True
kpdwfs_sc2_id4_n700_b1085_sets33_k320_fully-correlated.txt,2,FC,700,4,2186.0,5.3726,2186.0,0.0423,True
kpdwfs_sc2_id4_n800_b1240_sets38_k288_fully-correlated.txt,2,FC,800,4,2383.0,7.0976,2383.0,0.0540,True
kpdwfs_sc2_id5_n1000_b1550_sets42_k288_fully-correlated.txt,2,FC,1000,5,2696.0,13.0002,2696.0,0.0305,True
kpdwfs_sc2_id5_n300_b465_sets38_k320_fully-correlated.txt,2,FC,300,5,1225.0,0.7747,1225.0,0.0280,True
kpdwfs_sc2_id5_n500_b775_sets35_k320_fully-correlated.txt,2,FC,500,5,1692.0,2.4619,1692.0,0.0312,True
kpdwfs_sc2_id5_n700_b1085_sets39_k320_fully-correlated.txt,2,FC,700,5,2337.0,7.2384,2337.0,0.0751,True
kpdwfs_sc2_id5_n800_b1240_sets33_k288_fully-correlated.txt,2,FC,800,5,2290.0,7.8850,2290.0,0.0718,True
kpdwfs_sc2_id6_n1000_b1550_sets41_k288_fully-correlated.txt,2,FC,1000,6,2715.0,11.1175,2715.0,0.0424,True
kpdwfs_sc2_id6_n300_b465_sets34_k320_fully-correlated.txt,2,FC,300,6,1240.0,0.9175,1240.0,0.0445,True
kpdwfs_sc2_id6_n500_b775_sets34_k320_fully-correlated.txt,2,FC,500,6,1632.0,3.3989,1632.0,0.0210,True
kpdwfs_sc2_id6_n700_b1085_sets37_k320_fully-correlated.txt,2,FC,700,6,2179.0,7.3969,2179.0,0.0362,True
kpdwfs_sc2_id6_n800_b1240_sets40_k288_fully-correlated.txt,2,FC,800,6,2415.0,7.6676,2415.0,0.0826,True
kpdwfs_sc2_id7_n1000_b1550_sets46_k288_fully-correlated.txt,2,FC,1000,7,2768.0,12.1706,2768.0,0.0332,True
kpdwfs_sc2_id7_n300_b465_sets36_k320_fully-correlated.txt,2,FC,300,7,1272.0,1.1613,1272.0,0.0450,True
kpdwfs_sc2_id7_n500_b775_sets45_k320_fully-correlated.txt,2,FC,500,7,1771.0,2.4405,1771.0,0.0549,True
kpdwfs_sc2_id7_n700_b1085_sets44_k320_fully-correlated.txt,2,FC,700,7,2468.0,5.4736,2468.0,0.0419,True
kpdwfs_sc2_id7_n800_b1240_sets36_k288_fully-correlated.txt,2,FC,800,7,2287.0,6.6909,2287.0,0.0530,True
kpdwfs_sc2_id8_n1000_b1550_sets40_k288_fully-correlated.txt,2,FC,1000,8,2658.0,10.4227,2658.0,0.0571,True
kpdwfs_sc2_id8_n300_b465_sets34_k320_fully-correlated.txt,2,FC,300,8,1190.0,0.8419,1190.0,0.0290,True
kpdwfs_sc2_id8_n500_b775_sets33_k320_fully-correlated.txt,2,FC,500,8,1531.0,2.7115,1531.0,0.0390,True
kpdwfs_sc2_id8_n700_b1085_sets42_k320_fully-correlated.txt,2,FC,700,8,2321.0,6.2627,2321.0,0.0720,True
kpdwfs_sc2_id8_n800_b1240_sets38_k288_fully-correlated.txt,2,FC,800,8,2494.0,6.7704,2494.0,0.0592,True
kpdwfs_sc2_id9_n1000_b1550_sets40_k288_fully-correlated.txt,2,FC,1000,9,2770.0,13.5169,2770.0,0.0665,True
kpdwfs_sc2_id9_n300_b465_sets31_k320_fully-correlated.txt,2,FC,300,9,1159.0,0.8205,1159.0,0.0294,True
kpdwfs_sc2_id9_n500_b775_sets33_k320_fully-correlated.txt,2,FC,500,9,1464.0,2.3623,1464.0,0.0460,True
kpdwfs_sc2_id9_n700_b1085_sets37_k320_fully-correlated.txt,2,FC,700,9,2196.0,8.0264,2196.0,0.0350,True
kpdwfs_sc2_id9_n800_b1240_sets41_k288_fully-correlated.txt,2,FC,800,9,2349.0,8.8133,2349.0,0.0596,True
kpdwfs_sc2_id10_n1000_b1550_sets40_k288_not-correlated.txt,2,NC,1000,10,3157.0,12.4850,3157.0,0.0539,True
kpdwfs_sc2_id10_n300_b465_sets35_k320_not-correlated.txt,2,NC,300,10,1411.0,1.2741,1411.0,0.0326,True
kpdwfs_sc2_id10_n500_b775_sets37_k320_not-correlated.txt,2,NC,500,10,2049.0,2.8532,2049.0,0.0380,True
kpdwfs_sc2_id10_n700_b1085_sets39_k320_not-correlated.txt,2,NC,700,10,2380.0,8.6354,2380.0,0.0781,True
kpdwfs_sc2_id10_n800_b1240_sets36_k288_not-correlated.txt,2,NC,800,10,2468.0,6.3790,2468.0,0.0473,True
kpdwfs_sc2_id1_n1000_b1550_sets37_k288_not-correlated.txt,2,NC,1000,1,2863.0,11.4289,2863.0,0.0745,True
kpdwfs_sc2_id1_n300_b465_sets35_k320_not-correlated.txt,2,NC,300,1,1366.0,0.7331,1366.0,0.0200,True
kpdwfs_sc2_id1_n500_b775_sets35_k320_not-correlated.txt,2,NC,500,1,1923.0,2.0864,1923.0,0.0270,True
kpdwfs_sc2_id1_n700_b1085_sets46_k320_not-correlated.txt,2,NC,700,1,2349.0,7.6656,2349.0,0.0373,True
kpdwfs_sc2_id1_n800_b1240_sets36_k288_not-correlated.txt,2,NC,800,1,2415.0,7.0467,2415.0,0.0620,True
kpdwfs_sc2_id2_n1000_b1550_sets36_k288_not-correlated.txt,2,NC,1000,2,2620.0,10.7703,2620.0,0.0511,True
kpdwfs_sc2_id2_n300_b465_sets36_k320_not-correlated.txt,2,NC,300,2,1400.0,0.9082,1400.0,0.0330,True
kpdwfs_sc2_id2_n500_b775_sets35_k320_not-correlated.txt,2,NC,500,2,1823.0,2.4635,1823.0,0.0317,True
kpdwfs_sc2_id2_n700_b1085_sets37_k320_not-correlated.txt,2,NC,700,2,2237.0,6.8764,2237.0,0.0521,True
kpdwfs_sc2_id2_n800_b1240_sets41_k288_not-correlated.txt,2,NC,800,2,2509.0,7.2467,2509.0,0.0685,True
kpdwfs_sc2_id3_n1000_b1550_sets34_k288_not-correlated.txt,2,NC,1000,3,2934.0,10.3535,2934.0,0.0557,True
kpdwfs_sc2_id3_n300_b465_sets35_k320_not-correlated.txt,2,NC,300,3,1283.0,0.9657,1283.0,0.0416,True
kpdwfs_sc2_id3_n500_b775_sets33_k320_not-correlated.txt,2,NC,500,3,1825.0,3.3899,1825.0,0.0640,True
kpdwfs_sc2_id3_n700_b1085_sets38_k320_not-correlated.txt,2,NC,700,3,2220.0,6.8774,2220.0,0.0570,True
kpdwfs_sc2_id3_n800_b1240_sets42_k288_not-correlated.txt,2,NC,800,3,2821.0,7.2300,2821.0,0.0648,True
kpdwfs_sc2_id4_n1000_b1550_sets45_k288_not-correlated.txt,2,NC,1000,4,3190.0,12.3124,3190.0,0.0831,True
kpdwfs_sc2_id4_n300_b465_sets35_k320_not-correlated.txt,2,NC,300,4,1684.0,0.7145,1684.0,0.0295,True
kpdwfs_sc2_id4_n500_b775_sets39_k320_not-correlated.txt,2,NC,500,4,1806.0,2.7118,1806.0,0.0324,True
kpdwfs_sc2_id4_n700_b1085_sets35_k320_not-correlated.txt,2,NC,700,4,2199.0,7.6167,2199.0,0.0755,True
kpdwfs_sc2_id4_n800_b1240_sets35_k288_not-correlated.txt,2,NC,800,4,2453.0,8.6925,2453.0,0.0380,True
kpdwfs_sc2_id5_n1000_b1550_sets36_k288_not-correlated.txt,2,NC,1000,5,2887.0,10.5239,2887.0,0.0594,True
kpdwfs_sc2_id5_n300_b465_sets40_k320_not-correlated.txt,2,NC,300,5,1366.0,0.7111,1366.0,0.0349,True
kpdwfs_sc2_id5_n500_b775_sets40_k320_not-correlated.txt,2,NC,500,5,1980.0,2.6686,1980.0,0.0364,True
kpdwfs_sc2_id5_n700_b1085_sets36_k320_not-correlated.txt,2,NC,700,5,2207.0,7.0831,2207.0,0.0413,True
kpdwfs_sc2_id5_n800_b1240_sets41_k288_not-correlated.txt,2,NC,800,5,2523.0,9.5964,2523.0,0.0580,True
kpdwfs_sc2_id6_n1000_b1550_sets40_k288_not-correlated.txt,2,NC,1000,6,2927.0,12.4306,2927.0,0.0690,True
kpdwfs_sc2_id6_n300_b465_sets38_k320_not-correlated.txt,2,NC,300,6,1504.0,0.9358,1504.0,0.0252,True
kpdwfs_sc2_id6_n500_b775_sets38_k320_not-correlated.txt,2,NC,500,6,1873.0,4.2682,1873.0,0.0384,True
kpdwfs_sc2_id6_n700_b1085_sets35_k320_not-correlated.txt,2,NC,700,6,2319.0,7.2550,2319.0,0.0640,True
kpdwfs_sc2_id6_n800_b1240_sets41_k288_not-correlated.txt,2,NC,800,6,2483.0,7.7340,2483.0,0.0640,True
kpdwfs_sc2_id7_n1000_b1550_sets39_k288_not-correlated.txt,2,NC,1000,7,2843.0,12.0227,2843.0,0.0615,True
kpdwfs_sc2_id7_n300_b465_sets33_k320_not-correlated.txt,2,NC,300,7,1385.0,0.9203,1385.0,0.0310,True
kpdwfs_sc2_id7_n500_b775_sets36_k320_not-correlated.txt,2,NC,500,7,1934.0,3.0324,1934.0,0.0303,True
kpdwfs_sc2_id7_n700_b1085_sets38_k320_not-correlated.txt,2,NC,700,7,2493.0,7.0206,2493.0,0.0500,True
kpdwfs_sc2_id7_n800_b1240_sets36_k288_not-correlated.txt,2,NC,800,7,2381.0,7.7559,2381.0,0.0423,True
kpdwfs_sc2_id8_n1000_b1550_sets33_k288_not-correlated.txt,2,NC,1000,8,2761.0,12.1849,2761.0,0.0436,True
kpdwfs_sc2_id8_n300_b465_sets37_k320_not-correlated.txt,2,NC,300,8,1512.0,0.7699,1512.0,0.0265,True
kpdwfs_sc2_id8_n500_b775_sets32_k320_not-correlated.txt,2,NC,500,8,1987.0,2.7021,1987.0,0.0390,True
kpdwfs_sc2_id8_n700_b1085_sets36_k320_not-correlated.txt,2,NC,700,8,2483.0,7.1867,2483.0,0.0480,True
kpdwfs_sc2_id8_n800_b1240_sets41_k288_not-correlated.txt,2,NC,800,8,2582.0,9.2288,2582.0,0.0634,True
kpdwfs_sc2_id9_n1000_b1550_sets40_k288_not-correlated.txt,2,NC,1000,9,2785.0,11.9855,2785.0,0.0650,True
kpdwfs_sc2_id9_n300_b465_sets33_k320_not-correlated.txt,2,NC,300,9,1366.0,0.7439,1366.0,0.0203,True
kpdwfs_sc2_id9_n500_b775_sets42_k320_not-correlated.txt,2,NC,500,9,1893.0,2.5905,1893.0,0.0365,True
kpdwfs_sc2_id9_n700_b1085_sets42_k320_not-correlated.txt,2,NC,700,9,2390.0,7.6328,2390.0,0.0469,True
kpdwfs_sc2_id9_n800_b1240_sets41_k288_not-correlated.txt,2,NC,800,9,2533.0,7.3056,2533.0,0.0458,True
kpdwfs_sc3_id10_n1000_b1550_sets89_k1072_correlated.txt,3,C,1000,10,4441.0,175.9381,4441.0,0.1971,True
kpdwfs_sc3_id10_n300_b465_sets77_k320_correlated.txt,3,C,300,10,1375.0,0.3559,1375.0,0.0842,True
kpdwfs_sc3_id10_n500_b775_sets83_k528_correlated.txt,3,C,500,10,2215.0,8.4052,2215.0,0.0436,True
kpdwfs_sc3_id10_n700_b1085_sets91_k752_correlated.txt,3,C,700,10,3145.0,23.1784,3145.0,0.0592,True
kpdwfs_sc3_id10_n800_b1240_sets94_k848_correlated.txt,3,C,800,10,3640.0,70.0076,3640.0,0.2108,True
kpdwfs_sc3_id1_n1000_b1550_sets89_k1072_correlated.txt,3,C,1000,1,4620.0,156.2017,4620.0,43.8121,True
kpdwfs_sc3_id1_n300_b465_sets74_k320_correlated.txt,3,C,300,1,1275.0,0.4272,1275.0,0.0480,True
kpdwfs_sc3_id1_n500_b775_sets78_k528_correlated.txt,3,C,500,1,2225.0,4.9241,2225.0,0.0545,True
kpdwfs_sc3_id1_n700_b1085_sets82_k752_correlated.txt,3,C,700,1,3155.0,20.9373,3155.0,0.0361,True
kpdwfs_sc3_id1_n800_b1240_sets93_k848_correlated.txt,3,C,800,1,3560.0,74.8417,3560.0,0.0220,True
kpdwfs_sc3_id2_n1000_b1550_sets96_k1072_correlated.txt,3,C,1000,2,4410.0,146.4092,4410.0,0.0365,True
kpdwfs_sc3_id2_n300_b465_sets79_k320_correlated.txt,3,C,300,2,1405.0,0.3377,1405.0,0.0269,True
kpdwfs_sc3_id2_n500_b775_sets83_k528_correlated.txt,3,C,500,2,2285.0,6.9283,2285.0,0.0340,True
kpdwfs_sc3_id2_n700_b1085_sets102_k752_correlated.txt,3,C,700,2,3092.0,24.5051,3092.0,0.0854,True
kpdwfs_sc3_id2_n800_b1240_sets100_k848_correlated.txt,3,C,800,2,3630.0,70.0267,3630.0,0.0390,True
kpdwfs_sc3_id3_n1000_b1550_sets89_k1072_correlated.txt,3,C,1000,3,4630.0,160.6923,4630.0,0.0402,True
kpdwfs_sc3_id3_n300_b465_sets76_k320_correlated.txt,3,C,300,3,1335.0,0.3727,1335.0,0.0201,True
kpdwfs_sc3_id3_n500_b775_sets84_k528_correlated.txt,3,C,500,3,2225.0,6.8521,2225.0,0.1526,True
kpdwfs_sc3_id3_n700_b1085_sets86_k752_correlated.txt,3,C,700,3,3215.0,23.0298,3215.0,0.0290,True
kpdwfs_sc3_id3_n800_b1240_sets92_k848_correlated.txt,3,C,800,3,3660.0,74.8634,3660.0,0.0276,True
kpdwfs_sc3_id4_n1000_b1550_sets90_k1072_correlated.txt,3,C,1000,4,4654.0,157.5885,4654.0,0.0763,True
kpdwfs_sc3_id4_n300_b465_sets78_k320_correlated.txt,3,C,300,4,1304.0,0.3343,1304.0,0.0300,True
kpdwfs_sc3_id4_n500_b775_sets81_k528_correlated.txt,3,C,500,4,2282.0,6.8271,2282.0,0.0190,True
kpdwfs_sc3_id4_n700_b1085_sets82_k752_correlated.txt,3,C,700,4,3191.0,24.1406,3191.0,0.0250,True
kpdwfs_sc3_id4_n800_b1240_sets99_k848_correlated.txt,3,C,800,4,3740.0,64.4205,3740.0,0.0380,True
kpdwfs_sc3_id5_n1000_b1550_sets84_k1072_correlated.txt,3,C,1000,5,4660.0,153.0380,4660.0,0.0766,True
kpdwfs_sc3_id5_n300_b465_sets75_k320_correlated.txt,3,C,300,5,1315.0,0.3511,1315.0,0.0350,True
kpdwfs_sc3_id5_n500_b775_sets83_k528_correlated.txt,3,C,500,5,2415.0,6.7592,2415.0,0.0280,True
kpdwfs_sc3_id5_n700_b1085_sets80_k752_correlated.txt,3,C,700,5,3145.0,24.2276,3145.0,0.0502,True
kpdwfs_sc3_id5_n800_b1240_sets91_k848_correlated.txt,3,C,800,5,3490.0,71.8181,3490.0,0.0480,True
kpdwfs_sc3_id6_n1000_b1550_sets91_k1072_correlated.txt,3,C,1000,6,4548.0,160.0738,4548.0,0.0270,True
kpdwfs_sc3_id6_n300_b465_sets78_k320_correlated.txt,3,C,300,6,1315.0,0.3786,1315.0,0.0094,True
kpdwfs_sc3_id6_n500_b775_sets87_k528_correlated.txt,3,C,500,6,2162.0,6.0969,2162.0,0.0268,True
kpdwfs_sc3_id6_n700_b1085_sets92_k752_correlated.txt,3,C,700,6,3105.0,23.5549,3105.0,0.0341,True
kpdwfs_sc3_id6_n800_b1240_sets87_k848_correlated.txt,3,C,800,6,3570.0,71.2350,3570.0,0.0336,True
kpdwfs_sc3_id7_n1000_b1550_sets96_k1072_correlated.txt,3,C,1000,7,4528.0,151.2443,4528.0,0.0310,True
kpdwfs_sc3_id7_n300_b465_sets78_k320_correlated.txt,3,C,300,7,1372.0,0.3279,1372.0,0.0160,True
kpdwfs_sc3_id7_n500_b775_sets83_k528_correlated.txt,3,C,500,7,2235.0,7.2846,2235.0,0.0522,True
kpdwfs_sc3_id7_n700_b1085_sets88_k752_correlated.txt,3,C,700,7,3293.0,21.3014,3293.0,0.0382,True
kpdwfs_sc3_id7_n800_b1240_sets86_k848_correlated.txt,3,C,800,7,3670.0,69.3344,3670.0,0.0225,True
kpdwfs_sc3_id8_n1000_b1550_sets93_k1072_correlated.txt,3,C,1000,8,4550.0,163.6830,4550.0,0.0665,True
kpdwfs_sc3_id8_n300_b465_sets76_k320_correlated.txt,3,C,300,8,1395.0,0.3564,1395.0,0.0270,True
kpdwfs_sc3_id8_n500_b775_sets83_k528_correlated.txt,3,C,500,8,2395.0,7.5692,2395.0,0.0194,True
kpdwfs_sc3_id8_n700_b1085_sets88_k752_correlated.txt,3,C,700,8,3139.0,23.7243,3139.0,0.8834,True
kpdwfs_sc3_id8_n800_b1240_sets81_k848_correlated.txt,3,C,800,8,3630.0,72.1381,3630.0,0.0440,True
kpdwfs_sc3_id9_n1000_b1550_sets85_k1072_correlated.txt,3,C,1000,9,4470.0,162.8136,4470.0,0.0308,True
kpdwfs_sc3_id9_n300_b465_sets74_k320_correlated.txt,3,C,300,9,1295.0,0.4444,1295.0,0.0390,True
kpdwfs_sc3_id9_n500_b775_sets82_k528_correlated.txt,3,C,500,9,2175.0,7.8592,2175.0,0.1230,True
kpdwfs_sc3_id9_n700_b1085_sets90_k752_correlated.txt,3,C,700,9,3265.0,23.5510,3265.0,0.0260,True
kpdwfs_sc3_id9_n800_b1240_sets96_k848_correlated.txt,3,C,800,9,3640.0,66.7379,3640.0,0.0240,True
kpdwfs_sc3_id10_n1000_b1550_sets96_k1072_fully-correlated.txt,3,FC,1000,10,4540.0,156.9005,4540.0,0.1720,True
kpdwfs_sc3_id10_n300_b465_sets73_k320_fully-correlated.txt,3,FC,300,10,1321.0,0.3534,1321.0,0.0350,True
kpdwfs_sc3_id10_n500_b775_sets79_k528_fully-correlated.txt,3,FC,500,10,2175.0,9.1291,2175.0,0.0331,True
kpdwfs_sc3_id10_n700_b1085_sets82_k752_fully-correlated.txt,3,FC,700,10,3247.0,22.8194,3247.0,0.0770,True
kpdwfs_sc3_id10_n800_b1240_sets93_k848_fully-correlated.txt,3,FC,800,10,3570.0,76.3948,3570.0,0.0380,True
kpdwfs_sc3_id1_n1000_b1550_sets88_k1072_fully-correlated.txt,3,FC,1000,1,4566.0,164.8444,4566.0,1.8087,True
kpdwfs_sc3_id1_n300_b465_sets78_k320_fully-correlated.txt,3,FC,300,1,1285.0,0.3746,1285.0,0.0210,True
kpdwfs_sc3_id1_n500_b775_sets87_k528_fully-correlated.txt,3,FC,500,1,2285.0,5.7158,2285.0,0.0434,True
kpdwfs_sc3_id1_n700_b1085_sets92_k752_fully-correlated.txt,3,FC,700,1,3299.0,25.2453,3299.0,0.0660,True
kpdwfs_sc3_id1_n800_b1240_sets94_k848_fully-correlated.txt,3,FC,800,1,3667.0,75.1578,3667.0,0.0333,True
kpdwfs_sc3_id2_n1000_b1550_sets85_k1072_fully-correlated.txt,3,FC,1000,2,4580.0,178.8254,4580.0,0.0210,True
kpdwfs_sc3_id2_n300_b465_sets75_k320_fully-correlated.txt,3,FC,300,2,1379.0,0.4025,1379.0,0.0120,True
kpdwfs_sc3_id2_n500_b775_sets85_k528_fully-correlated.txt,3,FC,500,2,2349.0,6.4653,2349.0,0.0650,True
kpdwfs_sc3_id2_n700_b1085_sets84_k752_fully-correlated.txt,3,FC,700,2,3141.0,20.7643,3141.0,0.0670,True
kpdwfs_sc3_id2_n800_b1240_sets81_k848_fully-correlated.txt,3,FC,800,2,3610.0,71.2363,3610.0,0.0314,True
kpdwfs_sc3_id3_n1000_b1550_sets91_k1072_fully-correlated.txt,3,FC,1000,3,4720.0,166.4267,4720.0,0.0571,True
kpdwfs_sc3_id3_n300_b465_sets78_k320_fully-correlated.txt,3,FC,300,3,1335.0,0.3543,1335.0,0.0390,True
kpdwfs_sc3_id3_n500_b775_sets88_k528_fully-correlated.txt,3,FC,500,3,2209.0,7.6388,2209.0,0.0250,True
kpdwfs_sc3_id3_n700_b1085_sets87_k752_fully-correlated.txt,3,FC,700,3,3167.0,21.6110,3167.0,0.1645,True
kpdwfs_sc3_id3_n800_b1240_sets93_k848_fully-correlated.txt,3,FC,800,3,3591.0,70.6372,3591.0,0.0285,True
kpdwfs_sc3_id4_n1000_b1550_sets113_k1072_fully-correlated.txt,3,FC,1000,4,4588.0,158.5152,4588.0,3459.9530,True
kpdwfs_sc3_id4_n300_b465_sets75_k320_fully-correlated.txt,3,FC,300,4,1315.0,0.5808,1315.0,0.0279,True
kpdwfs_sc3_id4_n500_b775_sets93_k528_fully-correlated.txt,3,FC,500,4,2235.0,3.3122,2235.0,0.0244,True
kpdwfs_sc3_id4_n700_b1085_sets83_k752_fully-correlated.txt,3,FC,700,4,3235.0,21.7005,3235.0,0.0505,True
kpdwfs_sc3_id4_n800_b1240_sets85_k848_fully-correlated.txt,3,FC,800,4,3677.0,47.1666,3677.0,0.0484,True
kpdwfs_sc3_id5_n1000_b1550_sets99_k1072_fully-correlated.txt,3,FC,1000,5,4596.0,134.1923,4596.0,0.0449,True
kpdwfs_sc3_id5_n300_b465_sets78_k320_fully-correlated.txt,3,FC,300,5,1337.0,0.3343,1337.0,0.0163,True
kpdwfs_sc3_id5_n500_b775_sets79_k528_fully-correlated.txt,3,FC,500,5,2305.0,3.2710,2305.0,0.0560,True
kpdwfs_sc3_id5_n700_b1085_sets92_k752_fully-correlated.txt,3,FC,700,5,3255.0,18.7017,3255.0,0.0194,True
kpdwfs_sc3_id5_n800_b1240_sets86_k848_fully-correlated.txt,3,FC,800,5,3680.0,42.9232,3680.0,0.0240,True
kpdwfs_sc3_id6_n1000_b1550_sets95_k1072_fully-correlated.txt,3,FC,1000,6,4530.0,141.8511,4530.0,0.0414,True
kpdwfs_sc3_id6_n300_b465_sets75_k320_fully-correlated.txt,3,FC,300,6,1408.0,0.4297,1408.0,0.0769,True
kpdwfs_sc3_id6_n500_b775_sets81_k528_fully-correlated.txt,3,FC,500,6,2335.0,4.2688,2335.0,0.1163,True
kpdwfs_sc3_id6_n700_b1085_sets89_k752_fully-correlated.txt,3,FC,700,6,3165.0,19.3210,3165.0,0.0342,True
kpdwfs_sc3_id6_n800_b1240_sets94_k848_fully-correlated.txt,3,FC,800,6,3590.0,42.1686,3590.0,0.0321,True
kpdwfs_sc3_id7_n1000_b1550_sets96_k1072_fully-correlated.txt,3,FC,1000,7,4550.0,142.4371,4550.0,0.0580,True
kpdwfs_sc3_id7_n300_b465_sets78_k320_fully-correlated.txt,3,FC,300,7,1425.0,0.4271,1425.0,0.0130,True
kpdwfs_sc3_id7_n500_b775_sets93_k528_fully-correlated.txt,3,FC,500,7,2161.0,3.3802,2161.0,0.0290,True
kpdwfs_sc3_id7_n700_b1085_sets97_k752_fully-correlated.txt,3,FC,700,7,3267.0,17.5669,3267.0,0.0575,True
kpdwfs_sc3_id7_n800_b1240_sets86_k848_fully-correlated.txt,3,FC,800,7,3650.0,42.8642,3650.0,0.0350,True
kpdwfs_sc3_id8_n1000_b1550_sets94_k1072_fully-correlated.txt,3,FC,1000,8,4554.0,140.9134,4554.0,0.0800,True
kpdwfs_sc3_id8_n300_b465_sets74_k320_fully-correlated.txt,3,FC,300,8,1330.0,0.3427,1330.0,0.0304,True
kpdwfs_sc3_id8_n500_b775_sets83_k528_fully-correlated.txt,3,FC,500,8,2185.0,3.2114,2185.0,0.0308,True
kpdwfs_sc3_id8_n700_b1085_sets94_k752_fully-correlated.txt,3,FC,700,8,3219.0,19.5251,3219.0,0.0220,True
kpdwfs_sc3_id8_n800_b1240_sets87_k848_fully-correlated.txt,3,FC,800,8,3830.0,41.0553,3830.0,0.2551,True
kpdwfs_sc3_id9_n1000_b1550_sets91_k1072_fully-correlated.txt,3,FC,1000,9,4670.0,138.6537,4670.0,0.0272,True
kpdwfs_sc3_id9_n300_b465_sets72_k320_fully-correlated.txt,3,FC,300,9,1307.0,0.4017,1307.0,0.0590,True
kpdwfs_sc3_id9_n500_b775_sets78_k528_fully-correlated.txt,3,FC,500,9,2130.0,3.0731,2130.0,0.0270,True
kpdwfs_sc3_id9_n700_b1085_sets84_k752_fully-correlated.txt,3,FC,700,9,3188.0,21.0767,3188.0,0.0474,True
kpdwfs_sc3_id9_n800_b1240_sets92_k848_fully-correlated.txt,3,FC,800,9,3570.0,42.3632,3570.0,0.1005,True
kpdwfs_sc3_id10_n1000_b1550_sets93_k1072_not-correlated.txt,3,NC,1000,10,5607.0,137.7773,5607.0,0.0330,True
kpdwfs_sc3_id10_n300_b465_sets78_k320_not-correlated.txt,3,NC,300,10,1630.0,0.3790,1630.0,0.0140,True
kpdwfs_sc3_id10_n500_b775_sets81_k528_not-correlated.txt,3,NC,500,10,2874.0,3.0829,2874.0,0.0184,True
kpdwfs_sc3_id10_n700_b1085_sets89_k752_not-correlated.txt,3,NC,700,10,3808.0,20.1519,3808.0,0.0230,True
kpdwfs_sc3_id10_n800_b1240_sets84_k848_not-correlated.txt,3,NC,800,10,4347.0,44.2856,4347.0,0.0294,True
kpdwfs_sc3_id1_n1000_b1550_sets89_k1072_not-correlated.txt,3,NC,1000,1,5324.0,138.2390,5324.0,0.0252,True
kpdwfs_sc3_id1_n300_b465_sets76_k320_not-correlated.txt,3,NC,300,1,1647.0,0.4344,1647.0,0.0114,True
kpdwfs_sc3_id1_n500_b775_sets83_k528_not-correlated.txt,3,NC,500,1,2695.0,3.8599,2695.0,0.0220,True
kpdwfs_sc3_id1_n700_b1085_sets91_k752_not-correlated.txt,3,NC,700,1,3627.0,19.6447,3627.0,0.0260,True
kpdwfs_sc3_id1_n800_b1240_sets85_k848_not-correlated.txt,3,NC,800,1,4152.0,43.1472,4152.0,0.0430,True
kpdwfs_sc3_id2_n1000_b1550_sets87_k1072_not-correlated.txt,3,NC,1000,2,5233.0,138.9369,5233.0,0.0315,True
kpdwfs_sc3_id2_n300_b465_sets74_k320_not-correlated.txt,3,NC,300,2,1620.0,0.6591,1620.0,0.0110,True
kpdwfs_sc3_id2_n500_b775_sets79_k528_not-correlated.txt,3,NC,500,2,2726.0,4.1143,2726.0,0.0172,True
kpdwfs_sc3_id2_n700_b1085_sets80_k752_not-correlated.txt,3,NC,700,2,3700.0,21.0476,3700.0,0.0270,True
kpdwfs_sc3_id2_n800_b1240_sets95_k848_not-correlated.txt,3,NC,800,2,4225.0,42.7682,4225.0,0.0231,True
kpdwfs_sc3_id3_n1000_b1550_sets88_k1072_not-correlated.txt,3,NC,1000,3,5570.0,146.5966,5570.0,0.0362,True
kpdwfs_sc3_id3_n300_b465_sets74_k320_not-correlated.txt,3,NC,300,3,1514.0,0.4160,1514.0,0.0140,True
kpdwfs_sc3_id3_n500_b775_sets80_k528_not-correlated.txt,3,NC,500,3,2740.0,3.8658,2740.0,0.0130,True
kpdwfs_sc3_id3_n700_b1085_sets84_k752_not-correlated.txt,3,NC,700,3,3758.0,18.8168,3758.0,0.0327,True
kpdwfs_sc3_id3_n800_b1240_sets96_k848_not-correlated.txt,3,NC,800,3,4102.0,41.8188,4102.0,0.0241,True
kpdwfs_sc3_id4_n1000_b1550_sets97_k1072_not-correlated.txt,3,NC,1000,4,5448.0,138.0536,5448.0,0.0330,True
kpdwfs_sc3_id4_n300_b465_sets77_k320_not-correlated.txt,3,NC,300,4,1860.0,0.3886,1860.0,0.0110,True
kpdwfs_sc3_id4_n500_b775_sets84_k528_not-correlated.txt,3,NC,500,4,2551.0,3.7768,2551.0,0.0170,True
kpdwfs_sc3_id4_n700_b1085_sets86_k752_not-correlated.txt,3,NC,700,4,3546.0,19.1791,3546.0,0.0300,True
kpdwfs_sc3_id4_n800_b1240_sets91_k848_not-correlated.txt,3,NC,800,4,4302.0,41.2047,4302.0,0.0264,True
kpdwfs_sc3_id5_n1000_b1550_sets90_k1072_not-correlated.txt,3,NC,1000,5,5210.0,137.6659,5210.0,0.0510,True
kpdwfs_sc3_id5_n300_b465_sets78_k320_not-correlated.txt,3,NC,300,5,1581.0,0.3903,1581.0,0.0190,True
kpdwfs_sc3_id5_n500_b775_sets84_k528_not-correlated.txt,3,NC,500,5,2655.0,4.3740,2655.0,0.0350,True
kpdwfs_sc3_id5_n700_b1085_sets86_k752_not-correlated.txt,3,NC,700,5,3701.0,21.3904,3701.0,0.0165,True
kpdwfs_sc3_id5_n800_b1240_sets86_k848_not-correlated.txt,3,NC,800,5,4165.0,45.6509,4165.0,0.0350,True
kpdwfs_sc3_id6_n1000_b1550_sets93_k1072_not-correlated.txt,3,NC,1000,6,5477.0,137.0333,5477.0,0.0313,True
kpdwfs_sc3_id6_n300_b465_sets79_k320_not-correlated.txt,3,NC,300,6,1670.0,0.3691,1670.0,0.0150,True
kpdwfs_sc3_id6_n500_b775_sets89_k528_not-correlated.txt,3,NC,500,6,2620.0,4.0196,2620.0,0.0160,True
kpdwfs_sc3_id6_n700_b1085_sets84_k752_not-correlated.txt,3,NC,700,6,3744.0,20.2006,3744.0,0.0290,True
kpdwfs_sc3_id6_n800_b1240_sets88_k848_not-correlated.txt,3,NC,800,6,4324.0,41.8938,4324.0,0.0410,True
kpdwfs_sc3_id7_n1000_b1550_sets87_k1072_not-correlated.txt,3,NC,1000,7,5474.0,138.1324,5474.0,0.0325,True
kpdwfs_sc3_id7_n300_b465_sets73_k320_not-correlated.txt,3,NC,300,7,1599.0,0.4808,1599.0,0.0140,True
kpdwfs_sc3_id7_n500_b775_sets75_k528_not-correlated.txt,3,NC,500,7,2772.0,3.9384,2772.0,0.0153,True
kpdwfs_sc3_id7_n700_b1085_sets86_k752_not-correlated.txt,3,NC,700,7,3836.0,18.3425,3836.0,0.0250,True
kpdwfs_sc3_id7_n800_b1240_sets89_k848_not-correlated.txt,3,NC,800,7,4234.0,42.5993,4234.0,0.0263,True
kpdwfs_sc3_id8_n1000_b1550_sets86_k1072_not-correlated.txt,3,NC,1000,8,5483.0,137.7737,5483.0,0.0330,True
kpdwfs_sc3_id8_n300_b465_sets77_k320_not-correlated.txt,3,NC,300,8,1653.0,0.3826,1653.0,0.0080,True
kpdwfs_sc3_id8_n500_b775_sets75_k528_not-correlated.txt,3,NC,500,8,2739.0,3.6991,2739.0,0.0172,True
kpdwfs_sc3_id8_n700_b1085_sets84_k752_not-correlated.txt,3,NC,700,8,4056.0,19.4538,4056.0,0.0160,True
kpdwfs_sc3_id8_n800_b1240_sets88_k848_not-correlated.txt,3,NC,800,8,4414.0,41.3909,4414.0,0.0303,True
kpdwfs_sc3_id9_n1000_b1550_sets85_k1072_not-correlated.txt,3,NC,1000,9,5359.0,138.3051,5359.0,0.0345,True
kpdwfs_sc3_id9_n300_b465_sets72_k320_not-correlated.txt,3,NC,300,9,1610.0,0.4935,1610.0,0.0103,True
kpdwfs_sc3_id9_n500_b775_sets87_k528_not-correlated.txt,3,NC,500,9,2604.0,3.5673,2604.0,0.0280,True
kpdwfs_sc3_id9_n700_b1085_sets93_k752_not-correlated.txt,3,NC,700,9,3785.0,18.6767,3785.0,0.0215,True
kpdwfs_sc3_id9_n800_b1240_sets93_k848_not-correlated.txt,3,NC,800,9,4190.0,41.3645,4190.0,0.0260,True
kpdwfs_sc4_id10_n1000_b1550_sets36_k1072_correlated.txt,4,C,1000,10,4470.0,149.6416,4470.0,0.4127,True
kpdwfs_sc3_id10_n1000_b1550_sets89_k1072_correlated.txt,3,C,1000,10,4441.0,158.7565,4441.0,0.1826,True
kpdwfs_sc3_id10_n300_b465_sets77_k320_correlated.txt,3,C,300,10,1375.0,0.3852,1375.0,0.0361,True
kpdwfs_sc3_id10_n500_b775_sets83_k528_correlated.txt,3,C,500,10,2215.0,6.9391,2215.0,0.0385,True
kpdwfs_sc3_id10_n700_b1085_sets91_k752_correlated.txt,3,C,700,10,3145.0,23.8621,3145.0,0.0622,True
kpdwfs_sc3_id10_n800_b1240_sets94_k848_correlated.txt,3,C,800,10,3640.0,78.7104,3640.0,0.2388,True
kpdwfs_sc3_id1_n1000_b1550_sets89_k1072_correlated.txt,3,C,1000,1,,,4620.0,50.9760,True
kpdwfs_sc3_id1_n300_b465_sets74_k320_correlated.txt,3,C,300,1,1275.0,0.4553,1275.0,0.0220,True
kpdwfs_sc3_id1_n500_b775_sets78_k528_correlated.txt,3,C,500,1,2225.0,7.1371,2225.0,0.0447,True
kpdwfs_sc3_id1_n700_b1085_sets82_k752_correlated.txt,3,C,700,1,3155.0,26.6158,3155.0,0.0862,True
kpdwfs_sc3_id1_n800_b1240_sets93_k848_correlated.txt,3,C,800,1,3560.0,74.0004,3560.0,0.0371,True
kpdwfs_sc3_id2_n1000_b1550_sets96_k1072_correlated.txt,3,C,1000,2,4410.0,157.0679,4410.0,0.0347,True
kpdwfs_sc3_id2_n300_b465_sets79_k320_correlated.txt,3,C,300,2,1405.0,0.3408,1405.0,0.0235,True
kpdwfs_sc3_id2_n500_b775_sets83_k528_correlated.txt,3,C,500,2,2285.0,8.2116,2285.0,0.0190,True
kpdwfs_sc3_id2_n700_b1085_sets102_k752_correlated.txt,3,C,700,2,3092.0,24.7243,3092.0,0.0700,True
kpdwfs_sc3_id2_n800_b1240_sets100_k848_correlated.txt,3,C,800,2,3630.0,68.6064,3630.0,0.0490,True
kpdwfs_sc3_id3_n1000_b1550_sets89_k1072_correlated.txt,3,C,1000,3,4630.0,162.4339,4630.0,0.0252,True
kpdwfs_sc3_id3_n300_b465_sets76_k320_correlated.txt,3,C,300,3,1335.0,0.3585,1335.0,0.0230,True
kpdwfs_sc3_id3_n500_b775_sets84_k528_correlated.txt,3,C,500,3,2225.0,7.0165,2225.0,0.1467,True
kpdwfs_sc3_id3_n700_b1085_sets86_k752_correlated.txt,3,C,700,3,3215.0,22.6741,3215.0,0.0350,True
kpdwfs_sc3_id3_n800_b1240_sets92_k848_correlated.txt,3,C,800,3,3660.0,72.5679,3660.0,0.0520,True
kpdwfs_sc3_id4_n1000_b1550_sets90_k1072_correlated.txt,3,C,1000,4,4654.0,147.2995,4654.0,0.0770,True
kpdwfs_sc3_id4_n300_b465_sets78_k320_correlated.txt,3,C,300,4,1304.0,0.3548,1304.0,0.0252,True
kpdwfs_sc3_id4_n500_b775_sets81_k528_correlated.txt,3,C,500,4,2282.0,7.7891,2282.0,0.0178,True
kpdwfs_sc3_id4_n700_b1085_sets82_k752_correlated.txt,3,C,700,4,3191.0,23.3117,3191.0,0.0240,True
kpdwfs_sc3_id4_n800_b1240_sets99_k848_correlated.txt,3,C,800,4,3740.0,67.2806,3740.0,0.0434,True
kpdwfs_sc3_id5_n1000_b1550_sets84_k1072_correlated.txt,3,C,1000,5,4660.0,156.2078,4660.0,0.0830,True
kpdwfs_sc3_id5_n300_b465_sets75_k320_correlated.txt,3,C,300,5,1315.0,0.3723,1315.0,0.0270,True
kpdwfs_sc3_id5_n500_b775_sets83_k528_correlated.txt,3,C,500,5,2415.0,6.2293,2415.0,0.0276,True
kpdwfs_sc3_id5_n700_b1085_sets80_k752_correlated.txt,3,C,700,5,3145.0,23.8254,3145.0,0.0501,True
kpdwfs_sc3_id5_n800_b1240_sets91_k848_correlated.txt,3,C,800,5,3490.0,73.3487,3490.0,0.0534,True
kpdwfs_sc3_id6_n1000_b1550_sets91_k1072_correlated.txt,3,C,1000,6,4548.0,164.7623,4548.0,0.0278,True
kpdwfs_sc3_id6_n300_b465_sets78_k320_correlated.txt,3,C,300,6,1315.0,0.3823,1315.0,0.0095,True
kpdwfs_sc3_id6_n500_b775_sets87_k528_correlated.txt,3,C,500,6,2162.0,6.1706,2162.0,0.0244,True
kpdwfs_sc3_id6_n700_b1085_sets92_k752_correlated.txt,3,C,700,6,3105.0,22.9298,3105.0,0.0365,True
kpdwfs_sc3_id6_n800_b1240_sets87_k848_correlated.txt,3,C,800,6,3570.0,72.9181,3570.0,0.0293,True
kpdwfs_sc3_id7_n1000_b1550_sets96_k1072_correlated.txt,3,C,1000,7,4528.0,163.2026,4528.0,0.0330,True
kpdwfs_sc3_id7_n300_b465_sets78_k320_correlated.txt,3,C,300,7,1372.0,0.3434,1372.0,0.0105,True
kpdwfs_sc3_id7_n500_b775_sets83_k528_correlated.txt,3,C,500,7,2235.0,8.7847,2235.0,0.0507,True
