filename;scenario;type;n;instance;dp_obj;dp_time;gurobi_obj;gurobi_time;obj_match
kpdwfs_sc1_id10_n1000_b1550_sets89_k288_correlated.txt;1;C;1000;10;3621,00;14,1309;3621,00;0,1057;True
kpdwfs_sc1_id10_n300_b465_sets77_k320_correlated.txt;1;C;300;10;1356,00;0,4044;1356,00;0,5615;True
kpdwfs_sc1_id10_n500_b775_sets83_k320_correlated.txt;1;C;500;10;2135,00;1,8947;2135,00;0,0701;True
kpdwfs_sc1_id10_n700_b1085_sets91_k320_correlated.txt;1;C;700;10;2945,00;6,0943;2945,00;0,0701;True
kpdwfs_sc1_id10_n800_b1240_sets94_k288_correlated.txt;1;C;800;10;3266,00;7,4303;3266,00;0,0744;True
kpdwfs_sc1_id1_n1000_b1550_sets89_k288_correlated.txt;1;C;1000;1;3736,00;18,0093;3736,00;0,1366;True
kpdwfs_sc1_id1_n300_b465_sets74_k320_correlated.txt;1;C;300;1;1249,00;0,4388;1249,00;0,0203;True
kpdwfs_sc1_id1_n500_b775_sets78_k320_correlated.txt;1;C;500;1;2132,00;2,4304;2132,00;0,0460;True
kpdwfs_sc1_id1_n700_b1085_sets82_k320_correlated.txt;1;C;700;1;2803,00;5,1834;2803,00;0,0740;True
kpdwfs_sc1_id1_n800_b1240_sets93_k288_correlated.txt;1;C;800;1;3221,00;6,7262;3221,00;0,1390;True
kpdwfs_sc1_id2_n1000_b1550_sets96_k288_correlated.txt;1;C;1000;2;3559,00;18,0837;3559,00;0,1614;True
kpdwfs_sc1_id2_n300_b465_sets79_k320_correlated.txt;1;C;300;2;1365,00;0,4598;1365,00;0,0230;True
kpdwfs_sc1_id2_n500_b775_sets83_k320_correlated.txt;1;C;500;2;2182,00;2,1604;2182,00;0,0845;True
kpdwfs_sc1_id2_n700_b1085_sets102_k320_correlated.txt;1;C;700;2;2863,00;5,0491;2863,00;0,0972;True
kpdwfs_sc1_id2_n800_b1240_sets100_k288_correlated.txt;1;C;800;2;3252,00;5,5112;3252,00;0,0803;True
kpdwfs_sc1_id3_n1000_b1550_sets89_k288_correlated.txt;1;C;1000;3;3731,00;14,3630;3731,00;0,1230;True
kpdwfs_sc1_id3_n300_b465_sets76_k320_correlated.txt;1;C;300;3;1331,00;0,3990;1331,00;0,0433;True
kpdwfs_sc1_id3_n500_b775_sets84_k320_correlated.txt;1;C;500;3;2128,00;1,8835;2128,00;0,0443;True
kpdwfs_sc1_id3_n700_b1085_sets86_k320_correlated.txt;1;C;700;3;2927,00;5,0671;2927,00;0,0860;True
kpdwfs_sc1_id3_n800_b1240_sets92_k288_correlated.txt;1;C;800;3;3204,00;5,9440;3204,00;0,1132;True
kpdwfs_sc1_id4_n1000_b1550_sets90_k288_correlated.txt;1;C;1000;4;3735,00;16,3463;3735,00;0,1050;True
kpdwfs_sc1_id4_n300_b465_sets78_k320_correlated.txt;1;C;300;4;1262,00;0,4257;1262,00;0,0244;True
kpdwfs_sc1_id4_n500_b775_sets81_k320_correlated.txt;1;C;500;4;2171,00;2,0874;2171,00;0,0832;True
kpdwfs_sc1_id4_n700_b1085_sets82_k320_correlated.txt;1;C;700;4;2873,00;5,7545;2873,00;0,0585;True
kpdwfs_sc1_id4_n800_b1240_sets99_k288_correlated.txt;1;C;800;4;3322,00;5,7111;3322,00;0,0880;True
kpdwfs_sc1_id5_n1000_b1550_sets84_k288_correlated.txt;1;C;1000;5;3458,00;16,0500;3458,00;0,0949;True
kpdwfs_sc1_id5_n300_b465_sets75_k320_correlated.txt;1;C;300;5;1291,00;0,5452;1291,00;0,0359;True
kpdwfs_sc1_id5_n500_b775_sets83_k320_correlated.txt;1;C;500;5;2289,00;2,2959;2289,00;0,0611;True
kpdwfs_sc1_id5_n700_b1085_sets80_k320_correlated.txt;1;C;700;5;2821,00;5,4625;2821,00;0,1025;True
kpdwfs_sc1_id5_n800_b1240_sets91_k288_correlated.txt;1;C;800;5;3065,00;6,4745;3065,00;0,0544;True
kpdwfs_sc1_id6_n1000_b1550_sets91_k288_correlated.txt;1;C;1000;6;3872,00;14,9644;3872,00;0,0800;True
kpdwfs_sc1_id6_n300_b465_sets78_k320_correlated.txt;1;C;300;6;1295,00;0,3903;1295,00;0,0720;True
kpdwfs_sc1_id6_n500_b775_sets87_k320_correlated.txt;1;C;500;6;2090,00;1,8049;2090,00;0,0470;True
kpdwfs_sc1_id6_n700_b1085_sets92_k320_correlated.txt;1;C;700;6;2776,00;4,7796;2776,00;0,1129;True
kpdwfs_sc1_id6_n800_b1240_sets87_k288_correlated.txt;1;C;800;6;3132,00;6,0255;3132,00;0,1247;True
kpdwfs_sc1_id7_n1000_b1550_sets96_k288_correlated.txt;1;C;1000;7;3731,00;17,3861;3731,00;0,0835;True
kpdwfs_sc1_id7_n300_b465_sets78_k320_correlated.txt;1;C;300;7;1355,00;0,3768;1355,00;0,0220;True
kpdwfs_sc1_id7_n500_b775_sets83_k320_correlated.txt;1;C;500;7;2171,00;2,0180;2171,00;0,0310;True
kpdwfs_sc1_id7_n700_b1085_sets88_k320_correlated.txt;1;C;700;7;2977,00;4,5235;2977,00;0,1007;True
kpdwfs_sc1_id7_n800_b1240_sets86_k288_correlated.txt;1;C;800;7;3140,00;5,5610;3140,00;0,0728;True
kpdwfs_sc1_id8_n1000_b1550_sets93_k288_correlated.txt;1;C;1000;8;3634,00;15,7816;3634,00;0,1212;True
kpdwfs_sc1_id8_n300_b465_sets76_k320_correlated.txt;1;C;300;8;1366,00;0,4191;1366,00;0,0940;True
kpdwfs_sc1_id8_n500_b775_sets83_k320_correlated.txt;1;C;500;8;2268,00;1,8807;2268,00;0,0932;True
kpdwfs_sc1_id8_n700_b1085_sets88_k320_correlated.txt;1;C;700;8;2878,00;4,6764;2878,00;0,0767;True
kpdwfs_sc1_id8_n800_b1240_sets81_k288_correlated.txt;1;C;800;8;3059,00;5,6510;3059,00;0,0794;True
kpdwfs_sc1_id9_n1000_b1550_sets85_k288_correlated.txt;1;C;1000;9;3598,00;13,5202;3598,00;0,1290;True
kpdwfs_sc1_id9_n300_b465_sets74_k320_correlated.txt;1;C;300;9;1285,00;0,3848;1285,00;0,0333;True
kpdwfs_sc1_id9_n500_b775_sets82_k320_correlated.txt;1;C;500;9;2108,00;2,1253;2108,00;0,0685;True
kpdwfs_sc1_id9_n700_b1085_sets90_k320_correlated.txt;1;C;700;9;2928,00;5,1900;2928,00;0,0594;True
kpdwfs_sc1_id9_n800_b1240_sets96_k288_correlated.txt;1;C;800;9;3337,00;6,0624;3337,00;0,0642;True
kpdwfs_sc1_id10_n1000_b1550_sets96_k288_fully-correlated.txt;1;FC;1000;10;3688,00;19,1401;3688,00;0,0892;True
kpdwfs_sc1_id10_n300_b465_sets73_k320_fully-correlated.txt;1;FC;300;10;1291,00;0,4487;1291,00;0,2180;True
kpdwfs_sc1_id10_n500_b775_sets79_k320_fully-correlated.txt;1;FC;500;10;2111,00;2,3344;2111,00;0,0380;True
kpdwfs_sc1_id10_n700_b1085_sets82_k320_fully-correlated.txt;1;FC;700;10;2911,00;5,2061;2911,00;0,0627;True
kpdwfs_sc1_id10_n800_b1240_sets93_k288_fully-correlated.txt;1;FC;800;10;3219,00;6,0715;3219,00;0,0825;True
kpdwfs_sc1_id1_n1000_b1550_sets88_k288_fully-correlated.txt;1;FC;1000;1;3590,00;19,7192;3590,00;0,0640;True
kpdwfs_sc1_id1_n300_b465_sets78_k320_fully-correlated.txt;1;FC;300;1;1257,00;0,4622;1257,00;0,0285;True
kpdwfs_sc1_id1_n500_b775_sets87_k320_fully-correlated.txt;1;FC;500;1;2218,00;2,6115;2218,00;0,2949;True
kpdwfs_sc1_id1_n700_b1085_sets92_k320_fully-correlated.txt;1;FC;700;1;3029,00;5,1153;3029,00;0,0821;True
kpdwfs_sc1_id1_n800_b1240_sets94_k288_fully-correlated.txt;1;FC;800;1;3237,00;6,0366;3237,00;0,1092;True
kpdwfs_sc1_id2_n1000_b1550_sets85_k288_fully-correlated.txt;1;FC;1000;2;3525,00;17,0596;3525,00;0,0667;True
kpdwfs_sc1_id2_n300_b465_sets75_k320_fully-correlated.txt;1;FC;300;2;1359,00;0,4314;1359,00;0,0191;True
kpdwfs_sc1_id2_n500_b775_sets85_k320_fully-correlated.txt;1;FC;500;2;2269,00;1,9715;2269,00;0,0540;True
kpdwfs_sc1_id2_n700_b1085_sets84_k320_fully-correlated.txt;1;FC;700;2;2859,00;5,9647;2859,00;0,0574;True
kpdwfs_sc1_id2_n800_b1240_sets81_k288_fully-correlated.txt;1;FC;800;2;3083,00;6,6259;3083,00;0,0852;True
kpdwfs_sc1_id3_n1000_b1550_sets91_k288_fully-correlated.txt;1;FC;1000;3;3798,00;19,8803;3798,00;0,0886;True
kpdwfs_sc1_id3_n300_b465_sets78_k320_fully-correlated.txt;1;FC;300;3;1308,00;0,5238;1308,00;0,0665;True
kpdwfs_sc1_id3_n500_b775_sets88_k320_fully-correlated.txt;1;FC;500;3;2110,00;2,3557;2110,00;0,0748;True
kpdwfs_sc1_id3_n700_b1085_sets87_k320_fully-correlated.txt;1;FC;700;3;2857,00;6,0719;2857,00;0,1069;True
kpdwfs_sc1_id3_n800_b1240_sets93_k288_fully-correlated.txt;1;FC;800;3;3280,00;6,2163;3280,00;0,0647;True
kpdwfs_sc1_id4_n1000_b1550_sets113_k288_fully-correlated.txt;1;FC;1000;4;4071,00;19,9605;4071,00;0,1268;True
kpdwfs_sc1_id4_n300_b465_sets75_k320_fully-correlated.txt;1;FC;300;4;1295,00;0,4654;1295,00;0,0363;True
kpdwfs_sc1_id4_n500_b775_sets93_k320_fully-correlated.txt;1;FC;500;4;2145,00;2,0644;2145,00;0,0535;True
kpdwfs_sc1_id4_n700_b1085_sets83_k320_fully-correlated.txt;1;FC;700;4;2896,00;5,6045;2896,00;0,0793;True
kpdwfs_sc1_id4_n800_b1240_sets85_k288_fully-correlated.txt;1;FC;800;4;3149,00;5,9999;3149,00;0,1017;True
kpdwfs_sc1_id5_n1000_b1550_sets99_k288_fully-correlated.txt;1;FC;1000;5;3691,00;14,3084;3691,00;0,0912;True
kpdwfs_sc1_id5_n300_b465_sets78_k320_fully-correlated.txt;1;FC;300;5;1313,00;0,3947;1313,00;0,0396;True
kpdwfs_sc1_id5_n500_b775_sets79_k320_fully-correlated.txt;1;FC;500;5;2211,00;2,2067;2211,00;0,0550;True
kpdwfs_sc1_id5_n700_b1085_sets92_k320_fully-correlated.txt;1;FC;700;5;3000,00;5,4605;3000,00;0,1004;True
kpdwfs_sc1_id5_n800_b1240_sets86_k288_fully-correlated.txt;1;FC;800;5;3116,00;6,8223;3116,00;0,1070;True
kpdwfs_sc1_id6_n1000_b1550_sets95_k288_fully-correlated.txt;1;FC;1000;6;3644,00;17,9642;3644,00;0,0800;True
kpdwfs_sc1_id6_n300_b465_sets75_k320_fully-correlated.txt;1;FC;300;6;1375,00;0,4755;1375,00;0,0142;True
kpdwfs_sc1_id6_n500_b775_sets81_k320_fully-correlated.txt;1;FC;500;6;2218,00;2,1806;2218,00;0,1027;True
kpdwfs_sc1_id6_n700_b1085_sets89_k320_fully-correlated.txt;1;FC;700;6;2832,00;5,6543;2832,00;0,0571;True
kpdwfs_sc1_id6_n800_b1240_sets94_k288_fully-correlated.txt;1;FC;800;6;3183,00;6,0924;3183,00;0,0766;True
kpdwfs_sc1_id7_n1000_b1550_sets96_k288_fully-correlated.txt;1;FC;1000;7;3721,00;15,6836;3721,00;0,0792;True
kpdwfs_sc1_id7_n300_b465_sets78_k320_fully-correlated.txt;1;FC;300;7;1405,00;0,3904;1405,00;0,0180;True
kpdwfs_sc1_id7_n500_b775_sets93_k320_fully-correlated.txt;1;FC;500;7;2092,00;1,8711;2092,00;0,0427;True
kpdwfs_sc1_id7_n700_b1085_sets97_k320_fully-correlated.txt;1;FC;700;7;3011,00;4,4056;3011,00;0,0640;True
kpdwfs_sc1_id7_n800_b1240_sets86_k288_fully-correlated.txt;1;FC;800;7;3109,00;5,8343;3109,00;0,0855;True
kpdwfs_sc1_id8_n1000_b1550_sets94_k288_fully-correlated.txt;1;FC;1000;8;3709,00;17,4764;3709,00;0,0545;True
kpdwfs_sc1_id8_n300_b465_sets74_k320_fully-correlated.txt;1;FC;300;8;1295,00;0,4424;1295,00;0,0255;True
kpdwfs_sc1_id8_n500_b775_sets83_k320_fully-correlated.txt;1;FC;500;8;2120,00;2,1792;2120,00;0,0604;True
kpdwfs_sc1_id8_n700_b1085_sets94_k320_fully-correlated.txt;1;FC;700;8;2945,00;5,8170;2945,00;0,0912;True
kpdwfs_sc1_id8_n800_b1240_sets87_k288_fully-correlated.txt;1;FC;800;8;3177,00;6,0267;3177,00;0,0690;True
kpdwfs_sc1_id9_n1000_b1550_sets91_k288_fully-correlated.txt;1;FC;1000;9;3676,00;16,0035;3676,00;0,0862;True
kpdwfs_sc1_id9_n300_b465_sets72_k320_fully-correlated.txt;1;FC;300;9;1275,00;0,4358;1275,00;0,0159;True
kpdwfs_sc1_id9_n500_b775_sets78_k320_fully-correlated.txt;1;FC;500;9;2071,00;2,1379;2071,00;0,0490;True
kpdwfs_sc1_id9_n700_b1085_sets84_k320_fully-correlated.txt;1;FC;700;9;2837,00;5,2945;2837,00;0,0741;True
kpdwfs_sc1_id9_n800_b1240_sets92_k288_fully-correlated.txt;1;FC;800;9;3225,00;6,1210;3225,00;0,0565;True
kpdwfs_sc1_id10_n1000_b1550_sets93_k288_not-correlated.txt;1;NC;1000;10;4454,00;17,6423;4454,00;0,0787;True
kpdwfs_sc1_id10_n300_b465_sets78_k320_not-correlated.txt;1;NC;300;10;1621,00;0,4084;1621,00;0,0200;True
kpdwfs_sc1_id10_n500_b775_sets81_k320_not-correlated.txt;1;NC;500;10;2618,00;1,9904;2618,00;0,0644;True
kpdwfs_sc1_id10_n700_b1085_sets89_k320_not-correlated.txt;1;NC;700;10;3368,00;5,6729;3368,00;0,0784;True
kpdwfs_sc1_id10_n800_b1240_sets84_k288_not-correlated.txt;1;NC;800;10;3578,00;5,9447;3578,00;0,0931;True
kpdwfs_sc1_id1_n1000_b1550_sets89_k288_not-correlated.txt;1;NC;1000;1;4121,00;14,9176;4121,00;0,1010;True
kpdwfs_sc1_id1_n300_b465_sets76_k320_not-correlated.txt;1;NC;300;1;1569,00;0,4049;1569,00;0,0164;True
kpdwfs_sc1_id1_n500_b775_sets83_k320_not-correlated.txt;1;NC;500;1;2473,00;1,9560;2473,00;0,0462;True
kpdwfs_sc1_id1_n700_b1085_sets91_k320_not-correlated.txt;1;NC;700;1;3107,00;5,1469;3107,00;0,0885;True
kpdwfs_sc1_id1_n800_b1240_sets85_k288_not-correlated.txt;1;NC;800;1;3485,00;5,7586;3485,00;0,0895;True
kpdwfs_sc1_id2_n1000_b1550_sets87_k288_not-correlated.txt;1;NC;1000;2;3980,00;16,2775;3980,00;0,1016;True
kpdwfs_sc1_id2_n300_b465_sets74_k320_not-correlated.txt;1;NC;300;2;1550,00;0,3958;1550,00;0,0141;True
kpdwfs_sc1_id2_n500_b775_sets79_k320_not-correlated.txt;1;NC;500;2;2492,00;2,1116;2492,00;0,0405;True
kpdwfs_sc1_id2_n700_b1085_sets80_k320_not-correlated.txt;1;NC;700;2;3135,00;4,8969;3135,00;0,0661;True
kpdwfs_sc1_id2_n800_b1240_sets95_k288_not-correlated.txt;1;NC;800;2;3613,00;6,1373;3613,00;0,0811;True
kpdwfs_sc1_id3_n1000_b1550_sets88_k288_not-correlated.txt;1;NC;1000;3;4082,00;16,7554;4082,00;0,0889;True
kpdwfs_sc1_id3_n300_b465_sets74_k320_not-correlated.txt;1;NC;300;3;1462,00;0,4212;1462,00;0,0140;True
kpdwfs_sc1_id3_n500_b775_sets80_k320_not-correlated.txt;1;NC;500;3;2557,00;2,1990;2557,00;0,0390;True
kpdwfs_sc1_id3_n700_b1085_sets84_k320_not-correlated.txt;1;NC;700;3;3177,00;5,3767;3177,00;0,0892;True
kpdwfs_sc1_id3_n800_b1240_sets96_k288_not-correlated.txt;1;NC;800;3;3672,00;5,4547;3672,00;0,0889;True
kpdwfs_sc1_id4_n1000_b1550_sets97_k288_not-correlated.txt;1;NC;1000;4;4226,00;16,3321;4226,00;0,1107;True
kpdwfs_sc1_id4_n300_b465_sets77_k320_not-correlated.txt;1;NC;300;4;1797,00;0,3809;1797,00;0,0244;True
kpdwfs_sc1_id4_n500_b775_sets84_k320_not-correlated.txt;1;NC;500;4;2338,00;1,9957;2338,00;0,0412;True
kpdwfs_sc1_id4_n700_b1085_sets86_k320_not-correlated.txt;1;NC;700;4;3160,00;4,9967;3160,00;0,0722;True
kpdwfs_sc1_id4_n800_b1240_sets91_k288_not-correlated.txt;1;NC;800;4;3686,00;5,6067;3686,00;0,0946;True
kpdwfs_sc1_id5_n1000_b1550_sets90_k288_not-correlated.txt;1;NC;1000;5;4096,00;16,9750;4096,00;0,0819;True
kpdwfs_sc1_id5_n300_b465_sets78_k320_not-correlated.txt;1;NC;300;5;1529,00;0,4201;1529,00;0,0120;True
kpdwfs_sc1_id5_n500_b775_sets84_k320_not-correlated.txt;1;NC;500;5;2540,00;1,9800;2540,00;0,0240;True
kpdwfs_sc1_id5_n700_b1085_sets86_k320_not-correlated.txt;1;NC;700;5;3285,00;5,9435;3285,00;0,0897;True
kpdwfs_sc1_id5_n800_b1240_sets86_k288_not-correlated.txt;1;NC;800;5;3632,00;5,6457;3632,00;0,0935;True
kpdwfs_sc1_id6_n1000_b1550_sets93_k288_not-correlated.txt;1;NC;1000;6;4413,00;17,3486;4413,00;0,0774;True
kpdwfs_sc1_id6_n300_b465_sets79_k320_not-correlated.txt;1;NC;300;6;1637,00;0,3805;1637,00;0,0230;True
kpdwfs_sc1_id6_n500_b775_sets89_k320_not-correlated.txt;1;NC;500;6;2381,00;1,9473;2381,00;0,0467;True
kpdwfs_sc1_id6_n700_b1085_sets84_k320_not-correlated.txt;1;NC;700;6;3349,00;5,3498;3349,00;0,0720;True
kpdwfs_sc1_id6_n800_b1240_sets88_k288_not-correlated.txt;1;NC;800;6;3494,00;6,2966;3494,00;0,0856;True
kpdwfs_sc1_id7_n1000_b1550_sets87_k288_not-correlated.txt;1;NC;1000;7;3974,00;18,5664;3974,00;0,1035;True
kpdwfs_sc1_id7_n300_b465_sets73_k320_not-correlated.txt;1;NC;300;7;1550,00;0,4261;1550,00;0,0163;True
kpdwfs_sc1_id7_n500_b775_sets75_k320_not-correlated.txt;1;NC;500;7;2547,00;2,0862;2547,00;0,0412;True
kpdwfs_sc1_id7_n700_b1085_sets86_k320_not-correlated.txt;1;NC;700;7;3341,00;4,9518;3341,00;0,0774;True
kpdwfs_sc1_id7_n800_b1240_sets89_k288_not-correlated.txt;1;NC;800;7;3757,00;5,8584;3757,00;0,0655;True
kpdwfs_sc1_id8_n1000_b1550_sets86_k288_not-correlated.txt;1;NC;1000;8;4141,00;16,2029;4141,00;0,1129;True
kpdwfs_sc1_id8_n300_b465_sets77_k320_not-correlated.txt;1;NC;300;8;1588,00;0,4278;1588,00;0,0226;True
kpdwfs_sc1_id8_n500_b775_sets75_k320_not-correlated.txt;1;NC;500;8;2539,00;2,2079;2539,00;0,0571;True
kpdwfs_sc1_id8_n700_b1085_sets84_k320_not-correlated.txt;1;NC;700;8;3450,00;5,2281;3450,00;0,0932;True
kpdwfs_sc1_id8_n800_b1240_sets88_k288_not-correlated.txt;1;NC;800;8;3806,00;7,0282;3806,00;0,0819;True
kpdwfs_sc1_id9_n1000_b1550_sets85_k288_not-correlated.txt;1;NC;1000;9;4112,00;17,9258;4112,00;0,1188;True
kpdwfs_sc1_id9_n300_b465_sets72_k320_not-correlated.txt;1;NC;300;9;1533,00;0,4656;1533,00;0,0213;True
kpdwfs_sc1_id9_n500_b775_sets87_k320_not-correlated.txt;1;NC;500;9;2471,00;2,2260;2471,00;0,0306;True
kpdwfs_sc1_id9_n700_b1085_sets93_k320_not-correlated.txt;1;NC;700;9;3365,00;5,0000;3365,00;0,0697;True
kpdwfs_sc1_id9_n800_b1240_sets93_k288_not-correlated.txt;1;NC;800;9;3527,00;5,7139;3527,00;0,1353;True
kpdwfs_sc2_id10_n1000_b1550_sets36_k288_correlated.txt;2;C;1000;10;1962,00;6,8648;1962,00;0,0326;True
kpdwfs_sc2_id10_n300_b465_sets33_k320_correlated.txt;2;C;300;10;1235,00;0,9097;1235,00;0,0240;True
kpdwfs_sc2_id10_n500_b775_sets38_k320_correlated.txt;2;C;500;10;1645,00;2,7674;1645,00;0,0736;True
kpdwfs_sc2_id10_n700_b1085_sets40_k320_correlated.txt;2;C;700;10;1989,00;4,7577;1989,00;0,0590;True
kpdwfs_sc2_id10_n800_b1240_sets38_k288_correlated.txt;2;C;800;10;2250,00;3,7275;2250,00;0,0370;True
kpdwfs_sc2_id1_n1000_b1550_sets40_k288_correlated.txt;2;C;1000;1;2279,00;6,3882;2279,00;0,0770;True
kpdwfs_sc2_id1_n300_b465_sets32_k320_correlated.txt;2;C;300;1;1161,00;0,8486;1161,00;0,0191;True
kpdwfs_sc2_id1_n500_b775_sets35_k320_correlated.txt;2;C;500;1;1648,00;2,0911;1648,00;0,0559;True
kpdwfs_sc2_id1_n700_b1085_sets36_k320_correlated.txt;2;C;700;1;1768,00;3,5378;1768,00;0,0390;True
kpdwfs_sc2_id1_n800_b1240_sets38_k288_correlated.txt;2;C;800;1;2049,00;3,1427;2049,00;0,0630;True
kpdwfs_sc2_id2_n1000_b1550_sets42_k288_correlated.txt;2;C;1000;2;2199,00;9,2225;2199,00;0,0414;True
kpdwfs_sc2_id2_n300_b465_sets33_k320_correlated.txt;2;C;300;2;1230,00;0,8998;1230,00;0,0360;True
kpdwfs_sc2_id2_n500_b775_sets40_k320_correlated.txt;2;C;500;2;1739,00;2,1518;1739,00;0,0424;True
kpdwfs_sc2_id2_n700_b1085_sets44_k320_correlated.txt;2;C;700;2;2198,00;4,1192;2198,00;0,0586;True
kpdwfs_sc2_id2_n800_b1240_sets47_k288_correlated.txt;2;C;800;2;2353,00;4,0349;2353,00;0,1080;True
kpdwfs_sc2_id3_n1000_b1550_sets38_k288_correlated.txt;2;C;1000;3;2424,00;6,5279;2424,00;0,1290;True
kpdwfs_sc2_id3_n300_b465_sets37_k320_correlated.txt;2;C;300;3;1220,00;0,8045;1220,00;0,0240;True
kpdwfs_sc2_id3_n500_b775_sets36_k320_correlated.txt;2;C;500;3;1507,00;2,4574;1507,00;0,1112;True
kpdwfs_sc2_id3_n700_b1085_sets36_k320_correlated.txt;2;C;700;3;1939,00;4,0565;1939,00;0,0406;True
kpdwfs_sc2_id3_n800_b1240_sets40_k288_correlated.txt;2;C;800;3;2225,00;4,7779;2225,00;0,0340;True
kpdwfs_sc2_id4_n1000_b1550_sets41_k288_correlated.txt;2;C;1000;4;2235,00;7,2257;2235,00;0,0364;True
kpdwfs_sc2_id4_n300_b465_sets39_k320_correlated.txt;2;C;300;4;1200,00;0,7978;1200,00;0,0244;True
kpdwfs_sc2_id4_n500_b775_sets32_k320_correlated.txt;2;C;500;4;1558,00;2,1156;1558,00;0,0374;True
kpdwfs_sc2_id4_n700_b1085_sets33_k320_correlated.txt;2;C;700;4;1916,00;4,0300;1916,00;0,0520;True
kpdwfs_sc2_id4_n800_b1240_sets44_k288_correlated.txt;2;C;800;4;2392,00;4,1808;2392,00;0,0577;True
kpdwfs_sc2_id5_n1000_b1550_sets39_k288_correlated.txt;2;C;1000;5;2205,00;6,9177;2205,00;0,0425;True
kpdwfs_sc2_id5_n300_b465_sets42_k320_correlated.txt;2;C;300;5;1219,00;0,7647;1219,00;0,0344;True
kpdwfs_sc2_id5_n500_b775_sets36_k320_correlated.txt;2;C;500;5;1721,00;2,1601;1721,00;0,0460;True
kpdwfs_sc2_id5_n700_b1085_sets36_k320_correlated.txt;2;C;700;5;1759,00;3,7749;1759,00;0,0592;True
kpdwfs_sc2_id5_n800_b1240_sets43_k288_correlated.txt;2;C;800;5;2137,00;3,5223;2137,00;0,0577;True
kpdwfs_sc2_id6_n1000_b1550_sets40_k288_correlated.txt;2;C;1000;6;2126,00;7,0367;2126,00;0,0526;True
kpdwfs_sc2_id6_n300_b465_sets39_k320_correlated.txt;2;C;300;6;1226,00;0,8014;1226,00;0,0355;True
kpdwfs_sc2_id6_n500_b775_sets41_k320_correlated.txt;2;C;500;6;1712,00;2,3407;1712,00;0,0750;True
kpdwfs_sc2_id6_n700_b1085_sets43_k320_correlated.txt;2;C;700;6;2166,00;4,1832;2166,00;0,0540;True
kpdwfs_sc2_id6_n800_b1240_sets36_k288_correlated.txt;2;C;800;6;2031,00;4,2712;2031,00;0,0481;True
kpdwfs_sc2_id7_n1000_b1550_sets44_k288_correlated.txt;2;C;1000;7;2447,00;7,1830;2447,00;0,0393;True
kpdwfs_sc2_id7_n300_b465_sets34_k320_correlated.txt;2;C;300;7;1254,00;0,8131;1254,00;0,0325;True
kpdwfs_sc2_id7_n500_b775_sets37_k320_correlated.txt;2;C;500;7;1691,00;2,1953;1691,00;0,0393;True
kpdwfs_sc2_id7_n700_b1085_sets39_k320_correlated.txt;2;C;700;7;2134,00;3,7252;2134,00;0,0527;True
kpdwfs_sc2_id7_n800_b1240_sets35_k288_correlated.txt;2;C;800;7;2039,00;5,4133;2039,00;0,0271;True
kpdwfs_sc2_id8_n1000_b1550_sets38_k288_correlated.txt;2;C;1000;8;2316,00;7,9626;2316,00;0,0518;True
kpdwfs_sc2_id8_n300_b465_sets35_k320_correlated.txt;2;C;300;8;1259,00;1,0365;1259,00;0,0494;True
kpdwfs_sc2_id8_n500_b775_sets36_k320_correlated.txt;2;C;500;8;1613,00;2,5298;1613,00;0,0340;True
kpdwfs_sc2_id8_n700_b1085_sets35_k320_correlated.txt;2;C;700;8;1860,00;4,1270;1860,00;0,0452;True
kpdwfs_sc2_id8_n800_b1240_sets38_k288_correlated.txt;2;C;800;8;1872,00;4,2088;1872,00;0,0295;True
kpdwfs_sc2_id9_n1000_b1550_sets35_k288_correlated.txt;2;C;1000;9;2156,00;6,1784;2156,00;0,0440;True
kpdwfs_sc2_id9_n300_b465_sets34_k320_correlated.txt;2;C;300;9;1168,00;0,8358;1168,00;0,0364;True
kpdwfs_sc2_id9_n500_b775_sets36_k320_correlated.txt;2;C;500;9;1641,00;2,2452;1641,00;0,0496;True
kpdwfs_sc2_id9_n700_b1085_sets38_k320_correlated.txt;2;C;700;9;2072,00;4,0474;2072,00;0,0610;True
kpdwfs_sc2_id9_n800_b1240_sets36_k288_correlated.txt;2;C;800;9;2127,00;3,7389;2127,00;0,0612;True
kpdwfs_sc2_id10_n1000_b1550_sets41_k288_fully-correlated.txt;2;FC;1000;10;2721,00;7,8089;2721,00;0,0344;True
kpdwfs_sc2_id10_n300_b465_sets30_k320_fully-correlated.txt;2;FC;300;10;1087,00;1,0067;1087,00;0,0414;True
kpdwfs_sc2_id10_n500_b775_sets35_k320_fully-correlated.txt;2;FC;500;10;1535,00;2,3390;1535,00;0,0547;True
kpdwfs_sc2_id10_n700_b1085_sets34_k320_fully-correlated.txt;2;FC;700;10;2218,00;4,6204;2218,00;0,0499;True
kpdwfs_sc2_id10_n800_b1240_sets41_k288_fully-correlated.txt;2;FC;800;10;2349,00;5,6112;2349,00;0,0416;True
kpdwfs_sc2_id1_n1000_b1550_sets37_k288_fully-correlated.txt;2;FC;1000;1;2620,00;6,9385;2620,00;0,0751;True
kpdwfs_sc2_id1_n300_b465_sets39_k320_fully-correlated.txt;2;FC;300;1;1195,00;0,8952;1195,00;0,0376;True
kpdwfs_sc2_id1_n500_b775_sets40_k320_fully-correlated.txt;2;FC;500;1;1733,00;2,4071;1733,00;0,0524;True
kpdwfs_sc2_id1_n700_b1085_sets36_k320_fully-correlated.txt;2;FC;700;1;2325,00;4,2690;2325,00;0,0579;True
kpdwfs_sc2_id1_n800_b1240_sets41_k288_fully-correlated.txt;2;FC;800;1;2421,00;4,2022;2421,00;0,0604;True
kpdwfs_sc2_id2_n1000_b1550_sets35_k288_fully-correlated.txt;2;FC;1000;2;2580,00;6,0754;2580,00;0,0463;True
kpdwfs_sc2_id2_n300_b465_sets34_k320_fully-correlated.txt;2;FC;300;2;1217,00;1,0956;1217,00;0,0310;True
kpdwfs_sc2_id2_n500_b775_sets39_k320_fully-correlated.txt;2;FC;500;2;1726,00;2,5168;1726,00;0,0229;True
kpdwfs_sc2_id2_n700_b1085_sets40_k320_fully-correlated.txt;2;FC;700;2;2292,00;4,4031;2292,00;0,0294;True
kpdwfs_sc2_id2_n800_b1240_sets31_k288_fully-correlated.txt;2;FC;800;2;2236,00;4,2051;2236,00;0,0335;True
kpdwfs_sc2_id3_n1000_b1550_sets42_k288_fully-correlated.txt;2;FC;1000;3;2780,00;9,0926;2780,00;0,0640;True
kpdwfs_sc2_id3_n300_b465_sets34_k320_fully-correlated.txt;2;FC;300;3;1198,00;1,1568;1198,00;0,0336;True
kpdwfs_sc2_id3_n500_b775_sets39_k320_fully-correlated.txt;2;FC;500;3;1668,00;2,6074;1668,00;0,0340;True
kpdwfs_sc2_id3_n700_b1085_sets40_k320_fully-correlated.txt;2;FC;700;3;2212,00;4,8393;2212,00;0,0434;True
kpdwfs_sc2_id3_n800_b1240_sets40_k288_fully-correlated.txt;2;FC;800;3;2346,00;3,9978;2346,00;0,0411;True
kpdwfs_sc2_id4_n1000_b1550_sets53_k288_fully-correlated.txt;2;FC;1000;4;3049,00;11,5321;3049,00;0,0843;True
kpdwfs_sc2_id4_n300_b465_sets36_k320_fully-correlated.txt;2;FC;300;4;1221,00;0,8913;1221,00;0,0225;True
kpdwfs_sc2_id4_n500_b775_sets44_k320_fully-correlated.txt;2;FC;500;4;1770,00;2,3071;1770,00;0,0513;True
kpdwfs_sc2_id4_n700_b1085_sets33_k320_fully-correlated.txt;2;FC;700;4;2186,00;3,7938;2186,00;0,0340;True
kpdwfs_sc2_id4_n800_b1240_sets38_k288_fully-correlated.txt;2;FC;800;4;2383,00;4,3147;2383,00;0,0458;True
kpdwfs_sc2_id5_n1000_b1550_sets42_k288_fully-correlated.txt;2;FC;1000;5;2696,00;7,1987;2696,00;0,0289;True
kpdwfs_sc2_id5_n300_b465_sets38_k320_fully-correlated.txt;2;FC;300;5;1225,00;0,8695;1225,00;0,0304;True
kpdwfs_sc2_id5_n500_b775_sets35_k320_fully-correlated.txt;2;FC;500;5;1692,00;2,1781;1692,00;0,0320;True
kpdwfs_sc2_id5_n700_b1085_sets39_k320_fully-correlated.txt;2;FC;700;5;2337,00;3,5012;2337,00;0,0543;True
kpdwfs_sc2_id5_n800_b1240_sets33_k288_fully-correlated.txt;2;FC;800;5;2290,00;3,4607;2290,00;0,0558;True
kpdwfs_sc2_id6_n1000_b1550_sets41_k288_fully-correlated.txt;2;FC;1000;6;2715,00;7,8052;2715,00;0,0367;True
kpdwfs_sc2_id6_n300_b465_sets34_k320_fully-correlated.txt;2;FC;300;6;1240,00;0,9466;1240,00;0,0396;True
kpdwfs_sc2_id6_n500_b775_sets34_k320_fully-correlated.txt;2;FC;500;6;1632,00;2,5249;1632,00;0,0215;True
kpdwfs_sc2_id6_n700_b1085_sets37_k320_fully-correlated.txt;2;FC;700;6;2179,00;4,2586;2179,00;0,0332;True
kpdwfs_sc2_id6_n800_b1240_sets40_k288_fully-correlated.txt;2;FC;800;6;2415,00;3,8403;2415,00;0,0906;True
kpdwfs_sc2_id7_n1000_b1550_sets46_k288_fully-correlated.txt;2;FC;1000;7;2768,00;7,9309;2768,00;0,0282;True
kpdwfs_sc2_id7_n300_b465_sets36_k320_fully-correlated.txt;2;FC;300;7;1272,00;0,8336;1272,00;0,0445;True
kpdwfs_sc2_id7_n500_b775_sets45_k320_fully-correlated.txt;2;FC;500;7;1771,00;2,1808;1771,00;0,0578;True
kpdwfs_sc2_id7_n700_b1085_sets44_k320_fully-correlated.txt;2;FC;700;7;2468,00;3,6473;2468,00;0,0454;True
kpdwfs_sc2_id7_n800_b1240_sets36_k288_fully-correlated.txt;2;FC;800;7;2287,00;4,1998;2287,00;0,0447;True
kpdwfs_sc2_id8_n1000_b1550_sets40_k288_fully-correlated.txt;2;FC;1000;8;2658,00;6,5349;2658,00;0,0474;True
kpdwfs_sc2_id8_n300_b465_sets34_k320_fully-correlated.txt;2;FC;300;8;1190,00;0,8391;1190,00;0,0340;True
kpdwfs_sc2_id8_n500_b775_sets33_k320_fully-correlated.txt;2;FC;500;8;1531,00;2,1730;1531,00;0,0280;True
kpdwfs_sc2_id8_n700_b1085_sets42_k320_fully-correlated.txt;2;FC;700;8;2321,00;4,5350;2321,00;0,0690;True
kpdwfs_sc2_id8_n800_b1240_sets38_k288_fully-correlated.txt;2;FC;800;8;2494,00;3,4434;2494,00;0,0609;True
kpdwfs_sc2_id9_n1000_b1550_sets40_k288_fully-correlated.txt;2;FC;1000;9;2770,00;6,9710;2770,00;0,0608;True
kpdwfs_sc2_id9_n300_b465_sets31_k320_fully-correlated.txt;2;FC;300;9;1159,00;0,8438;1159,00;0,0329;True
kpdwfs_sc2_id9_n500_b775_sets33_k320_fully-correlated.txt;2;FC;500;9;1464,00;2,1150;1464,00;0,0303;True
kpdwfs_sc2_id9_n700_b1085_sets37_k320_fully-correlated.txt;2;FC;700;9;2196,00;3,4751;2196,00;0,0288;True
kpdwfs_sc2_id9_n800_b1240_sets41_k288_fully-correlated.txt;2;FC;800;9;2349,00;3,6379;2349,00;0,0559;True
kpdwfs_sc2_id10_n1000_b1550_sets40_k288_not-correlated.txt;2;NC;1000;10;3157,00;7,6553;3157,00;0,0608;True
kpdwfs_sc2_id10_n300_b465_sets35_k320_not-correlated.txt;2;NC;300;10;1411,00;0,7625;1411,00;0,0317;True
kpdwfs_sc2_id10_n500_b775_sets37_k320_not-correlated.txt;2;NC;500;10;2049,00;2,0999;2049,00;0,0375;True
kpdwfs_sc2_id10_n700_b1085_sets39_k320_not-correlated.txt;2;NC;700;10;2380,00;3,6507;2380,00;0,0666;True
kpdwfs_sc2_id10_n800_b1240_sets36_k288_not-correlated.txt;2;NC;800;10;2468,00;4,1004;2468,00;0,0472;True
kpdwfs_sc2_id1_n1000_b1550_sets37_k288_not-correlated.txt;2;NC;1000;1;2863,00;6,3009;2863,00;0,0787;True
kpdwfs_sc2_id1_n300_b465_sets35_k320_not-correlated.txt;2;NC;300;1;1366,00;0,8595;1366,00;0,0220;True
kpdwfs_sc2_id1_n500_b775_sets35_k320_not-correlated.txt;2;NC;500;1;1923,00;2,0312;1923,00;0,0281;True
kpdwfs_sc2_id1_n700_b1085_sets46_k320_not-correlated.txt;2;NC;700;1;2349,00;3,8339;2349,00;0,0384;True
kpdwfs_sc2_id1_n800_b1240_sets36_k288_not-correlated.txt;2;NC;800;1;2415,00;3,6327;2415,00;0,0574;True
kpdwfs_sc2_id2_n1000_b1550_sets36_k288_not-correlated.txt;2;NC;1000;2;2620,00;5,8244;2620,00;0,0455;True
kpdwfs_sc2_id2_n300_b465_sets36_k320_not-correlated.txt;2;NC;300;2;1400,00;0,8487;1400,00;0,0370;True
kpdwfs_sc2_id2_n500_b775_sets35_k320_not-correlated.txt;2;NC;500;2;1823,00;2,0100;1823,00;0,0305;True
kpdwfs_sc2_id2_n700_b1085_sets37_k320_not-correlated.txt;2;NC;700;2;2237,00;3,7177;2237,00;0,0391;True
kpdwfs_sc2_id2_n800_b1240_sets41_k288_not-correlated.txt;2;NC;800;2;2509,00;4,0478;2509,00;0,0581;True
kpdwfs_sc2_id3_n1000_b1550_sets34_k288_not-correlated.txt;2;NC;1000;3;2934,00;7,3866;2934,00;0,0570;True
kpdwfs_sc2_id3_n300_b465_sets35_k320_not-correlated.txt;2;NC;300;3;1283,00;0,9652;1283,00;0,0279;True
kpdwfs_sc2_id3_n500_b775_sets33_k320_not-correlated.txt;2;NC;500;3;1825,00;2,2660;1825,00;0,0622;True
kpdwfs_sc2_id3_n700_b1085_sets38_k320_not-correlated.txt;2;NC;700;3;2220,00;4,3130;2220,00;0,0451;True
kpdwfs_sc2_id3_n800_b1240_sets42_k288_not-correlated.txt;2;NC;800;3;2821,00;4,5856;2821,00;0,0930;True
kpdwfs_sc2_id4_n1000_b1550_sets45_k288_not-correlated.txt;2;NC;1000;4;3190,00;8,5337;3190,00;0,0899;True
kpdwfs_sc2_id4_n300_b465_sets35_k320_not-correlated.txt;2;NC;300;4;1684,00;0,8480;1684,00;0,0240;True
kpdwfs_sc2_id4_n500_b775_sets39_k320_not-correlated.txt;2;NC;500;4;1806,00;2,2016;1806,00;0,0330;True
kpdwfs_sc2_id4_n700_b1085_sets35_k320_not-correlated.txt;2;NC;700;4;2199,00;3,6686;2199,00;0,0860;True
kpdwfs_sc2_id4_n800_b1240_sets35_k288_not-correlated.txt;2;NC;800;4;2453,00;3,5121;2453,00;0,0423;True
kpdwfs_sc2_id5_n1000_b1550_sets36_k288_not-correlated.txt;2;NC;1000;5;2887,00;6,5971;2887,00;0,0611;True
kpdwfs_sc2_id5_n300_b465_sets40_k320_not-correlated.txt;2;NC;300;5;1366,00;0,7778;1366,00;0,0400;True
kpdwfs_sc2_id5_n500_b775_sets40_k320_not-correlated.txt;2;NC;500;5;1980,00;2,0716;1980,00;0,0366;True
kpdwfs_sc2_id5_n700_b1085_sets36_k320_not-correlated.txt;2;NC;700;5;2207,00;3,5522;2207,00;0,0395;True
kpdwfs_sc2_id5_n800_b1240_sets41_k288_not-correlated.txt;2;NC;800;5;2523,00;3,8641;2523,00;0,0568;True
kpdwfs_sc2_id6_n1000_b1550_sets40_k288_not-correlated.txt;2;NC;1000;6;2927,00;7,8023;2927,00;0,0612;True
kpdwfs_sc2_id6_n300_b465_sets38_k320_not-correlated.txt;2;NC;300;6;1504,00;0,7823;1504,00;0,0304;True
kpdwfs_sc2_id6_n500_b775_sets38_k320_not-correlated.txt;2;NC;500;6;1873,00;2,1892;1873,00;0,0388;True
kpdwfs_sc2_id6_n700_b1085_sets35_k320_not-correlated.txt;2;NC;700;6;2319,00;4,0817;2319,00;0,0543;True
kpdwfs_sc2_id6_n800_b1240_sets41_k288_not-correlated.txt;2;NC;800;6;2483,00;3,6482;2483,00;0,0430;True
kpdwfs_sc2_id7_n1000_b1550_sets39_k288_not-correlated.txt;2;NC;1000;7;2843,00;7,1636;2843,00;0,0583;True
kpdwfs_sc2_id7_n300_b465_sets33_k320_not-correlated.txt;2;NC;300;7;1385,00;0,9123;1385,00;0,0254;True
kpdwfs_sc2_id7_n500_b775_sets36_k320_not-correlated.txt;2;NC;500;7;1934,00;2,1609;1934,00;0,0305;True
kpdwfs_sc2_id7_n700_b1085_sets38_k320_not-correlated.txt;2;NC;700;7;2493,00;3,7954;2493,00;0,0504;True
kpdwfs_sc2_id7_n800_b1240_sets36_k288_not-correlated.txt;2;NC;800;7;2381,00;3,8168;2381,00;0,0418;True
kpdwfs_sc2_id8_n1000_b1550_sets33_k288_not-correlated.txt;2;NC;1000;8;2761,00;5,8328;2761,00;0,0485;True
kpdwfs_sc2_id8_n300_b465_sets37_k320_not-correlated.txt;2;NC;300;8;1512,00;0,9697;1512,00;0,0317;True
kpdwfs_sc2_id8_n500_b775_sets32_k320_not-correlated.txt;2;NC;500;8;1987,00;2,4179;1987,00;0,0532;True
kpdwfs_sc2_id8_n700_b1085_sets36_k320_not-correlated.txt;2;NC;700;8;2483,00;4,1629;2483,00;0,0550;True
kpdwfs_sc2_id8_n800_b1240_sets41_k288_not-correlated.txt;2;NC;800;8;2582,00;4,5010;2582,00;0,0765;True
kpdwfs_sc2_id9_n1000_b1550_sets40_k288_not-correlated.txt;2;NC;1000;9;2785,00;8,0234;2785,00;0,0647;True
kpdwfs_sc2_id9_n300_b465_sets33_k320_not-correlated.txt;2;NC;300;9;1366,00;0,8124;1366,00;0,0231;True
kpdwfs_sc2_id9_n500_b775_sets42_k320_not-correlated.txt;2;NC;500;9;1893,00;2,0197;1893,00;0,0376;True
kpdwfs_sc2_id9_n700_b1085_sets42_k320_not-correlated.txt;2;NC;700;9;2390,00;3,7153;2390,00;0,0460;True
kpdwfs_sc2_id9_n800_b1240_sets41_k288_not-correlated.txt;2;NC;800;9;2533,00;3,6425;2533,00;0,0440;True
kpdwfs_sc3_id10_n1000_b1550_sets89_k1072_correlated.txt;3;C;1000;10;4441,00;160,1993;4441,00;0,1477;True
kpdwfs_sc3_id10_n300_b465_sets77_k320_correlated.txt;3;C;300;10;1375,00;0,4282;1375,00;0,0351;True
kpdwfs_sc3_id10_n500_b775_sets83_k528_correlated.txt;3;C;500;10;2215,00;7,7294;2215,00;0,0401;True
kpdwfs_sc3_id10_n700_b1085_sets91_k752_correlated.txt;3;C;700;10;3145,00;24,4926;3145,00;0,0409;True
kpdwfs_sc3_id10_n800_b1240_sets94_k848_correlated.txt;3;C;800;10;3640,00;76,2105;3640,00;0,2259;True
kpdwfs_sc3_id1_n1000_b1550_sets89_k1072_correlated.txt;3;C;1000;1;4620,00;164,2619;4620,00;45,5603;True
kpdwfs_sc3_id1_n300_b465_sets74_k320_correlated.txt;3;C;300;1;1275,00;0,4852;1275,00;0,0254;True
kpdwfs_sc3_id1_n500_b775_sets78_k528_correlated.txt;3;C;500;1;2225,00;6,3138;2225,00;0,0410;True
kpdwfs_sc3_id1_n700_b1085_sets82_k752_correlated.txt;3;C;700;1;3155,00;23,4926;3155,00;0,0406;True
kpdwfs_sc3_id1_n800_b1240_sets93_k848_correlated.txt;3;C;800;1;3560,00;81,1005;3560,00;0,0240;True
kpdwfs_sc3_id2_n1000_b1550_sets96_k1072_correlated.txt;3;C;1000;2;4410,00;179,4152;4410,00;0,0370;True
kpdwfs_sc3_id2_n300_b465_sets79_k320_correlated.txt;3;C;300;2;1405,00;0,4208;1405,00;0,0220;True
kpdwfs_sc3_id2_n500_b775_sets83_k528_correlated.txt;3;C;500;2;2285,00;8,8553;2285,00;0,0170;True
kpdwfs_sc3_id2_n700_b1085_sets102_k752_correlated.txt;3;C;700;2;3092,00;28,0415;3092,00;0,0829;True
kpdwfs_sc3_id2_n800_b1240_sets100_k848_correlated.txt;3;C;800;2;3630,00;75,6945;3630,00;0,0571;True
kpdwfs_sc3_id3_n1000_b1550_sets89_k1072_correlated.txt;3;C;1000;3;4630,00;170,1393;4630,00;0,0510;True
kpdwfs_sc3_id3_n300_b465_sets76_k320_correlated.txt;3;C;300;3;1335,00;0,4531;1335,00;0,0277;True
kpdwfs_sc3_id3_n500_b775_sets84_k528_correlated.txt;3;C;500;3;2225,00;8,0907;2225,00;0,1576;True
kpdwfs_sc3_id3_n700_b1085_sets86_k752_correlated.txt;3;C;700;3;3215,00;23,7655;3215,00;0,0320;True
kpdwfs_sc3_id3_n800_b1240_sets92_k848_correlated.txt;3;C;800;3;3660,00;82,5447;3660,00;0,0260;True
kpdwfs_sc3_id4_n1000_b1550_sets90_k1072_correlated.txt;3;C;1000;4;4654,00;155,4749;4654,00;0,0805;True
kpdwfs_sc3_id4_n300_b465_sets78_k320_correlated.txt;3;C;300;4;1304,00;0,3591;1304,00;0,0400;True
kpdwfs_sc3_id4_n500_b775_sets81_k528_correlated.txt;3;C;500;4;2282,00;7,8233;2282,00;0,0172;True
kpdwfs_sc3_id4_n700_b1085_sets82_k752_correlated.txt;3;C;700;4;3191,00;26,0785;3191,00;0,0261;True
kpdwfs_sc3_id4_n800_b1240_sets99_k848_correlated.txt;3;C;800;4;3740,00;72,2974;3740,00;0,0424;True
kpdwfs_sc3_id5_n1000_b1550_sets84_k1072_correlated.txt;3;C;1000;5;4660,00;162,5321;4660,00;0,0832;True
kpdwfs_sc3_id5_n300_b465_sets75_k320_correlated.txt;3;C;300;5;1315,00;0,3591;1315,00;0,0275;True
kpdwfs_sc3_id5_n500_b775_sets83_k528_correlated.txt;3;C;500;5;2415,00;6,2836;2415,00;0,0285;True
kpdwfs_sc3_id5_n700_b1085_sets80_k752_correlated.txt;3;C;700;5;3145,00;26,1833;3145,00;0,0503;True
kpdwfs_sc3_id5_n800_b1240_sets91_k848_correlated.txt;3;C;800;5;3490,00;77,2592;3490,00;0,0497;True
kpdwfs_sc3_id6_n1000_b1550_sets91_k1072_correlated.txt;3;C;1000;6;4548,00;176,2683;4548,00;0,0270;True
kpdwfs_sc3_id6_n300_b465_sets78_k320_correlated.txt;3;C;300;6;1315,00;0,4716;1315,00;0,0145;True
kpdwfs_sc3_id6_n500_b775_sets87_k528_correlated.txt;3;C;500;6;2162,00;7,4244;2162,00;0,0270;True
kpdwfs_sc3_id6_n700_b1085_sets92_k752_correlated.txt;3;C;700;6;3105,00;25,5070;3105,00;0,0360;True
kpdwfs_sc3_id6_n800_b1240_sets87_k848_correlated.txt;3;C;800;6;3570,00;76,4182;3570,00;0,0301;True
kpdwfs_sc3_id7_n1000_b1550_sets96_k1072_correlated.txt;3;C;1000;7;4528,00;159,5970;4528,00;0,0361;True
kpdwfs_sc3_id7_n300_b465_sets78_k320_correlated.txt;3;C;300;7;1372,00;0,3574;1372,00;0,0134;True
kpdwfs_sc3_id7_n500_b775_sets83_k528_correlated.txt;3;C;500;7;2235,00;7,6500;2235,00;0,0425;True
kpdwfs_sc3_id7_n700_b1085_sets88_k752_correlated.txt;3;C;700;7;3293,00;21,3233;3293,00;0,0400;True
kpdwfs_sc3_id7_n800_b1240_sets86_k848_correlated.txt;3;C;800;7;3670,00;79,5018;3670,00;0,0214;True
kpdwfs_sc3_id8_n1000_b1550_sets93_k1072_correlated.txt;3;C;1000;8;4550,00;160,3483;4550,00;0,0691;True
kpdwfs_sc3_id8_n300_b465_sets76_k320_correlated.txt;3;C;300;8;1395,00;0,3706;1395,00;0,0157;True
kpdwfs_sc3_id8_n500_b775_sets83_k528_correlated.txt;3;C;500;8;2395,00;7,4043;2395,00;0,0255;True
kpdwfs_sc3_id8_n700_b1085_sets88_k752_correlated.txt;3;C;700;8;3139,00;22,4284;3139,00;0,8357;True
kpdwfs_sc3_id8_n800_b1240_sets81_k848_correlated.txt;3;C;800;8;3630,00;73,7670;3630,00;0,0563;True
kpdwfs_sc3_id9_n1000_b1550_sets85_k1072_correlated.txt;3;C;1000;9;4470,00;172,5273;4470,00;0,0210;True
kpdwfs_sc3_id9_n300_b465_sets74_k320_correlated.txt;3;C;300;9;1295,00;0,4204;1295,00;0,0398;True
kpdwfs_sc3_id9_n500_b775_sets82_k528_correlated.txt;3;C;500;9;2175,00;7,7247;2175,00;0,1057;True
kpdwfs_sc3_id9_n700_b1085_sets90_k752_correlated.txt;3;C;700;9;3265,00;26,3917;3265,00;0,0240;True
kpdwfs_sc3_id9_n800_b1240_sets96_k848_correlated.txt;3;C;800;9;3640,00;72,8884;3640,00;0,0510;True
kpdwfs_sc3_id10_n1000_b1550_sets96_k1072_fully-correlated.txt;3;FC;1000;10;4540,00;163,5734;4540,00;0,1738;True
kpdwfs_sc3_id10_n300_b465_sets73_k320_fully-correlated.txt;3;FC;300;10;1321,00;0,4122;1321,00;0,0193;True
kpdwfs_sc3_id10_n500_b775_sets79_k528_fully-correlated.txt;3;FC;500;10;2175,00;6,8010;2175,00;0,0663;True
kpdwfs_sc3_id10_n700_b1085_sets82_k752_fully-correlated.txt;3;FC;700;10;3247,00;23,5918;3247,00;0,1342;True
kpdwfs_sc3_id10_n800_b1240_sets93_k848_fully-correlated.txt;3;FC;800;10;3570,00;71,8964;3570,00;0,0402;True
kpdwfs_sc3_id1_n1000_b1550_sets88_k1072_fully-correlated.txt;3;FC;1000;1;4566,00;159,1620;4566,00;1,7575;True
kpdwfs_sc3_id1_n300_b465_sets78_k320_fully-correlated.txt;3;FC;300;1;1285,00;0,3743;1285,00;0,0160;True
kpdwfs_sc3_id1_n500_b775_sets87_k528_fully-correlated.txt;3;FC;500;1;2285,00;7,3490;2285,00;0,0394;True
kpdwfs_sc3_id1_n700_b1085_sets92_k752_fully-correlated.txt;3;FC;700;1;3299,00;22,2160;3299,00;0,0614;True
kpdwfs_sc3_id1_n800_b1240_sets94_k848_fully-correlated.txt;3;FC;800;1;3667,00;78,4635;3667,00;0,0482;True
kpdwfs_sc3_id2_n1000_b1550_sets85_k1072_fully-correlated.txt;3;FC;1000;2;4580,00;174,2093;4580,00;0,0200;True
kpdwfs_sc3_id2_n300_b465_sets75_k320_fully-correlated.txt;3;FC;300;2;1379,00;0,3689;1379,00;0,0107;True
kpdwfs_sc3_id2_n500_b775_sets85_k528_fully-correlated.txt;3;FC;500;2;2349,00;7,6531;2349,00;0,0376;True
kpdwfs_sc3_id2_n700_b1085_sets84_k752_fully-correlated.txt;3;FC;700;2;3141,00;26,1805;3141,00;0,0715;True
kpdwfs_sc3_id2_n800_b1240_sets81_k848_fully-correlated.txt;3;FC;800;2;3610,00;71,3508;3610,00;0,0260;True
kpdwfs_sc3_id3_n1000_b1550_sets91_k1072_fully-correlated.txt;3;FC;1000;3;4720,00;155,0063;4720,00;0,0620;True
kpdwfs_sc3_id3_n300_b465_sets78_k320_fully-correlated.txt;3;FC;300;3;1335,00;0,3536;1335,00;0,0310;True
kpdwfs_sc3_id3_n500_b775_sets88_k528_fully-correlated.txt;3;FC;500;3;2209,00;6,7725;2209,00;0,0225;True
kpdwfs_sc3_id3_n700_b1085_sets87_k752_fully-correlated.txt;3;FC;700;3;3167,00;22,3777;3167,00;0,1453;True
kpdwfs_sc3_id3_n800_b1240_sets93_k848_fully-correlated.txt;3;FC;800;3;3591,00;71,3377;3591,00;0,0305;True
kpdwfs_sc3_id4_n1000_b1550_sets113_k1072_fully-correlated.txt;3;FC;1000;4;4588,00;148,0427;4588,00;3545,2772;True
kpdwfs_sc3_id4_n300_b465_sets75_k320_fully-correlated.txt;3;FC;300;4;1315,00;0,4790;1315,00;0,0343;True
kpdwfs_sc3_id4_n500_b775_sets93_k528_fully-correlated.txt;3;FC;500;4;2235,00;8,2071;2235,00;0,0364;True
kpdwfs_sc3_id4_n700_b1085_sets83_k752_fully-correlated.txt;3;FC;700;4;3235,00;24,2242;3235,00;0,0513;True
kpdwfs_sc3_id4_n800_b1240_sets85_k848_fully-correlated.txt;3;FC;800;4;3677,00;75,9417;3677,00;0,0420;True
kpdwfs_sc3_id5_n1000_b1550_sets99_k1072_fully-correlated.txt;3;FC;1000;5;4596,00;143,0691;4596,00;0,0515;True
kpdwfs_sc3_id5_n300_b465_sets78_k320_fully-correlated.txt;3;FC;300;5;1337,00;0,4268;1337,00;0,0182;True
kpdwfs_sc3_id5_n500_b775_sets79_k528_fully-correlated.txt;3;FC;500;5;2305,00;7,6738;2305,00;0,0441;True
kpdwfs_sc3_id5_n700_b1085_sets92_k752_fully-correlated.txt;3;FC;700;5;3255,00;26,0693;3255,00;0,0200;True
kpdwfs_sc3_id5_n800_b1240_sets86_k848_fully-correlated.txt;3;FC;800;5;3680,00;66,4501;3680,00;0,0251;True
kpdwfs_sc3_id6_n1000_b1550_sets95_k1072_fully-correlated.txt;3;FC;1000;6;4530,00;145,6195;4530,00;0,0510;True
kpdwfs_sc3_id6_n300_b465_sets75_k320_fully-correlated.txt;3;FC;300;6;1408,00;0,5151;1408,00;0,0941;True
kpdwfs_sc3_id6_n500_b775_sets81_k528_fully-correlated.txt;3;FC;500;6;2335,00;7,9155;2335,00;0,1230;True
kpdwfs_sc3_id6_n700_b1085_sets89_k752_fully-correlated.txt;3;FC;700;6;3165,00;22,8581;3165,00;0,0540;True
kpdwfs_sc3_id6_n800_b1240_sets94_k848_fully-correlated.txt;3;FC;800;6;3590,00;66,1879;3590,00;0,0210;True
kpdwfs_sc3_id7_n1000_b1550_sets96_k1072_fully-correlated.txt;3;FC;1000;7;4550,00;140,6928;4550,00;0,0522;True
kpdwfs_sc3_id7_n300_b465_sets78_k320_fully-correlated.txt;3;FC;300;7;1425,00;0,3892;1425,00;0,0164;True
kpdwfs_sc3_id7_n500_b775_sets93_k528_fully-correlated.txt;3;FC;500;7;2161,00;6,9624;2161,00;0,0290;True
kpdwfs_sc3_id7_n700_b1085_sets97_k752_fully-correlated.txt;3;FC;700;7;3267,00;20,0289;3267,00;0,0653;True
kpdwfs_sc3_id7_n800_b1240_sets86_k848_fully-correlated.txt;3;FC;800;7;3650,00;71,3311;3650,00;0,0280;True
kpdwfs_sc3_id8_n1000_b1550_sets94_k1072_fully-correlated.txt;3;FC;1000;8;4554,00;148,3130;4554,00;0,0480;True
kpdwfs_sc3_id8_n300_b465_sets74_k320_fully-correlated.txt;3;FC;300;8;1330,00;0,3925;1330,00;0,0344;True
kpdwfs_sc3_id8_n500_b775_sets83_k528_fully-correlated.txt;3;FC;500;8;2185,00;6,9236;2185,00;0,0441;True
kpdwfs_sc3_id8_n700_b1085_sets94_k752_fully-correlated.txt;3;FC;700;8;3219,00;19,6609;3219,00;0,0242;True
kpdwfs_sc3_id8_n800_b1240_sets87_k848_fully-correlated.txt;3;FC;800;8;3830,00;63,4315;3830,00;0,2570;True
kpdwfs_sc3_id9_n1000_b1550_sets91_k1072_fully-correlated.txt;3;FC;1000;9;4670,00;138,5988;4670,00;0,0272;True
kpdwfs_sc3_id9_n300_b465_sets72_k320_fully-correlated.txt;3;FC;300;9;1307,00;0,3714;1307,00;0,0327;True
kpdwfs_sc3_id9_n500_b775_sets78_k528_fully-correlated.txt;3;FC;500;9;2130,00;5,8072;2130,00;0,0610;True
kpdwfs_sc3_id9_n700_b1085_sets84_k752_fully-correlated.txt;3;FC;700;9;3188,00;22,8435;3188,00;0,0392;True
kpdwfs_sc3_id9_n800_b1240_sets92_k848_fully-correlated.txt;3;FC;800;9;3570,00;65,9678;3570,00;0,1008;True
kpdwfs_sc3_id10_n1000_b1550_sets93_k1072_not-correlated.txt;3;NC;1000;10;5607,00;140,2543;5607,00;0,0290;True
kpdwfs_sc3_id10_n300_b465_sets78_k320_not-correlated.txt;3;NC;300;10;1630,00;0,3973;1630,00;0,0130;True
kpdwfs_sc3_id10_n500_b775_sets81_k528_not-correlated.txt;3;NC;500;10;2874,00;6,8623;2874,00;0,0239;True
kpdwfs_sc3_id10_n700_b1085_sets89_k752_not-correlated.txt;3;NC;700;10;3808,00;25,2854;3808,00;0,0200;True
kpdwfs_sc3_id10_n800_b1240_sets84_k848_not-correlated.txt;3;NC;800;10;4347,00;68,8579;4347,00;0,0344;True
kpdwfs_sc3_id1_n1000_b1550_sets89_k1072_not-correlated.txt;3;NC;1000;1;5324,00;140,3159;5324,00;0,0274;True
kpdwfs_sc3_id1_n300_b465_sets76_k320_not-correlated.txt;3;NC;300;1;1647,00;0,3745;1647,00;0,0122;True
kpdwfs_sc3_id1_n500_b775_sets83_k528_not-correlated.txt;3;NC;500;1;2695,00;5,7681;2695,00;0,0370;True
kpdwfs_sc3_id1_n700_b1085_sets91_k752_not-correlated.txt;3;NC;700;1;3627,00;22,0979;3627,00;0,0184;True
kpdwfs_sc3_id1_n800_b1240_sets85_k848_not-correlated.txt;3;NC;800;1;4152,00;69,1474;4152,00;0,0419;True
kpdwfs_sc3_id2_n1000_b1550_sets87_k1072_not-correlated.txt;3;NC;1000;2;5233,00;140,2564;5233,00;0,0340;True
kpdwfs_sc3_id2_n300_b465_sets74_k320_not-correlated.txt;3;NC;300;2;1620,00;0,3960;1620,00;0,0165;True
kpdwfs_sc3_id2_n500_b775_sets79_k528_not-correlated.txt;3;NC;500;2;2726,00;6,8243;2726,00;0,0172;True
kpdwfs_sc3_id2_n700_b1085_sets80_k752_not-correlated.txt;3;NC;700;2;3700,00;24,3641;3700,00;0,0301;True
kpdwfs_sc3_id2_n800_b1240_sets95_k848_not-correlated.txt;3;NC;800;2;4225,00;63,8357;4225,00;0,0320;True
kpdwfs_sc3_id3_n1000_b1550_sets88_k1072_not-correlated.txt;3;NC;1000;3;5570,00;158,1703;5570,00;0,0360;True
kpdwfs_sc3_id3_n300_b465_sets74_k320_not-correlated.txt;3;NC;300;3;1514,00;0,4430;1514,00;0,0120;True
kpdwfs_sc3_id3_n500_b775_sets80_k528_not-correlated.txt;3;NC;500;3;2740,00;7,8456;2740,00;0,0120;True
kpdwfs_sc3_id3_n700_b1085_sets84_k752_not-correlated.txt;3;NC;700;3;3758,00;25,8526;3758,00;0,0322;True
kpdwfs_sc3_id3_n800_b1240_sets96_k848_not-correlated.txt;3;NC;800;3;4102,00;69,2934;4102,00;0,0255;True
kpdwfs_sc3_id4_n1000_b1550_sets97_k1072_not-correlated.txt;3;NC;1000;4;5448,00;154,8603;5448,00;0,0370;True
kpdwfs_sc3_id4_n300_b465_sets77_k320_not-correlated.txt;3;NC;300;4;1860,00;0,3757;1860,00;0,0126;True
kpdwfs_sc3_id4_n500_b775_sets84_k528_not-correlated.txt;3;NC;500;4;2551,00;5,1146;2551,00;0,0155;True
kpdwfs_sc3_id4_n700_b1085_sets86_k752_not-correlated.txt;3;NC;700;4;3546,00;24,6340;3546,00;0,0273;True
kpdwfs_sc3_id4_n800_b1240_sets91_k848_not-correlated.txt;3;NC;800;4;4302,00;73,5710;4302,00;0,0291;True
kpdwfs_sc3_id5_n1000_b1550_sets90_k1072_not-correlated.txt;3;NC;1000;5;5210,00;164,2922;5210,00;0,0370;True
kpdwfs_sc3_id5_n300_b465_sets78_k320_not-correlated.txt;3;NC;300;5;1581,00;0,3444;1581,00;0,0101;True
kpdwfs_sc3_id5_n500_b775_sets84_k528_not-correlated.txt;3;NC;500;5;2655,00;7,5503;2655,00;0,0180;True
kpdwfs_sc3_id5_n700_b1085_sets86_k752_not-correlated.txt;3;NC;700;5;3701,00;24,4249;3701,00;0,0180;True
kpdwfs_sc3_id5_n800_b1240_sets86_k848_not-correlated.txt;3;NC;800;5;4165,00;72,7162;4165,00;0,0392;True
kpdwfs_sc3_id6_n1000_b1550_sets93_k1072_not-correlated.txt;3;NC;1000;6;5477,00;148,5422;5477,00;0,0360;True
kpdwfs_sc3_id6_n300_b465_sets79_k320_not-correlated.txt;3;NC;300;6;1670,00;0,3656;1670,00;0,0185;True
kpdwfs_sc3_id6_n500_b775_sets89_k528_not-correlated.txt;3;NC;500;6;2620,00;7,1874;2620,00;0,0240;True
kpdwfs_sc3_id6_n700_b1085_sets84_k752_not-correlated.txt;3;NC;700;6;3744,00;23,7860;3744,00;0,0450;True
kpdwfs_sc3_id6_n800_b1240_sets88_k848_not-correlated.txt;3;NC;800;6;4324,00;73,9927;4324,00;0,0303;True
kpdwfs_sc3_id7_n1000_b1550_sets87_k1072_not-correlated.txt;3;NC;1000;7;5474,00;166,1265;5474,00;0,0363;True
kpdwfs_sc3_id7_n300_b465_sets73_k320_not-correlated.txt;3;NC;300;7;1599,00;0,4403;1599,00;0,0130;True
kpdwfs_sc3_id7_n500_b775_sets75_k528_not-correlated.txt;3;NC;500;7;2772,00;7,4792;2772,00;0,0184;True
kpdwfs_sc3_id7_n700_b1085_sets86_k752_not-correlated.txt;3;NC;700;7;3836,00;23,9578;3836,00;0,0260;True
kpdwfs_sc3_id7_n800_b1240_sets89_k848_not-correlated.txt;3;NC;800;7;4234,00;73,6687;4234,00;0,0280;True
kpdwfs_sc3_id8_n1000_b1550_sets86_k1072_not-correlated.txt;3;NC;1000;8;5483,00;155,0475;5483,00;0,0260;True
kpdwfs_sc3_id8_n300_b465_sets77_k320_not-correlated.txt;3;NC;300;8;1653,00;0,3825;1653,00;0,0064;True
kpdwfs_sc3_id8_n500_b775_sets75_k528_not-correlated.txt;3;NC;500;8;2739,00;6,9698;2739,00;0,0150;True
kpdwfs_sc3_id8_n700_b1085_sets84_k752_not-correlated.txt;3;NC;700;8;4056,00;21,5135;4056,00;0,0200;True
kpdwfs_sc3_id8_n800_b1240_sets88_k848_not-correlated.txt;3;NC;800;8;4414,00;67,0379;4414,00;0,0320;True
kpdwfs_sc3_id9_n1000_b1550_sets85_k1072_not-correlated.txt;3;NC;1000;9;5359,00;149,6380;5359,00;0,0350;True
kpdwfs_sc3_id9_n300_b465_sets72_k320_not-correlated.txt;3;NC;300;9;1610,00;0,4466;1610,00;0,0085;True
kpdwfs_sc3_id9_n500_b775_sets87_k528_not-correlated.txt;3;NC;500;9;2604,00;5,7405;2604,00;0,0174;True
kpdwfs_sc3_id9_n700_b1085_sets93_k752_not-correlated.txt;3;NC;700;9;3785,00;20,9037;3785,00;0,0210;True
kpdwfs_sc3_id9_n800_b1240_sets93_k848_not-correlated.txt;3;NC;800;9;4190,00;68,9653;4190,00;0,0250;True
kpdwfs_sc4_id10_n1000_b1550_sets36_k1072_correlated.txt;4;C;1000;10;4470,00;140,3195;4470,00;0,4233;True
kpdwfs_sc4_id10_n300_b465_sets33_k320_correlated.txt;4;C;300;10;1385,00;0,8001;1385,00;0,0306;True
kpdwfs_sc4_id10_n500_b775_sets38_k528_correlated.txt;4;C;500;10;2225,00;6,0494;2225,00;0,0624;True
kpdwfs_sc4_id10_n700_b1085_sets40_k752_correlated.txt;4;C;700;10;3125,00;23,4239;3125,00;0,0153;True
kpdwfs_sc4_id10_n800_b1240_sets38_k848_correlated.txt;4;C;800;10;3636,00;67,0902;3636,00;0,0200;True
kpdwfs_sc4_id1_n1000_b1550_sets40_k1072_correlated.txt;4;C;1000;1;4640,00;147,6110;;;False
kpdwfs_sc4_id1_n300_b465_sets32_k320_correlated.txt;4;C;300;1;1285,00;0,9109;1285,00;0,0567;True
kpdwfs_sc4_id1_n500_b775_sets35_k528_correlated.txt;4;C;500;1;2226,00;5,9743;2226,00;0,1826;True
kpdwfs_sc4_id1_n700_b1085_sets36_k752_correlated.txt;4;C;700;1;3125,00;23,9000;3125,00;0,0330;True
kpdwfs_sc4_id1_n800_b1240_sets38_k848_correlated.txt;4;C;800;1;3520,00;57,3348;3520,00;355,3018;True
kpdwfs_sc4_id2_n1000_b1550_sets42_k1072_correlated.txt;4;C;1000;2;4410,00;133,3204;4410,00;0,9672;True
kpdwfs_sc4_id2_n300_b465_sets33_k320_correlated.txt;4;C;300;2;1425,00;0,9704;1425,00;0,0182;True
kpdwfs_sc4_id2_n500_b775_sets40_k528_correlated.txt;4;C;500;2;2285,00;7,3052;2285,00;0,0223;True
kpdwfs_sc4_id2_n700_b1085_sets44_k752_correlated.txt;4;C;700;2;3105,00;22,8197;3105,00;0,0163;True
kpdwfs_sc4_id2_n800_b1240_sets47_k848_correlated.txt;4;C;800;2;3641,00;62,2578;3641,00;0,1313;True
kpdwfs_sc4_id3_n1000_b1550_sets38_k1072_correlated.txt;4;C;1000;3;4660,00;132,6504;4660,00;0,0130;True
kpdwfs_sc4_id3_n300_b465_sets37_k320_correlated.txt;4;C;300;3;1335,00;0,7211;1335,00;0,0080;True
kpdwfs_sc4_id3_n500_b775_sets36_k528_correlated.txt;4;C;500;3;2229,00;7,0239;2229,00;0,0807;True
kpdwfs_sc4_id3_n700_b1085_sets36_k752_correlated.txt;4;C;700;3;3215,00;21,9462;3215,00;0,0274;True
kpdwfs_sc4_id3_n800_b1240_sets40_k848_correlated.txt;4;C;800;3;3660,00;60,4635;3660,00;0,4952;True
kpdwfs_sc4_id4_n1000_b1550_sets41_k1072_correlated.txt;4;C;1000;4;4620,00;122,6540;4620,00;0,0593;True
kpdwfs_sc4_id4_n300_b465_sets39_k320_correlated.txt;4;C;300;4;1315,00;0,7617;1315,00;0,0160;True
kpdwfs_sc4_id4_n500_b775_sets32_k528_correlated.txt;4;C;500;4;2282,00;3,5894;2282,00;0,0440;True
kpdwfs_sc4_id4_n700_b1085_sets33_k752_correlated.txt;4;C;700;4;3205,00;20,7396;3205,00;0,0200;True
kpdwfs_sc4_id4_n800_b1240_sets44_k848_correlated.txt;4;C;800;4;3730,00;61,7311;3730,00;0,0880;True
kpdwfs_sc4_id5_n1000_b1550_sets39_k1072_correlated.txt;4;C;1000;5;4690,00;126,1860;4690,00;1,4206;True
kpdwfs_sc4_id5_n300_b465_sets42_k320_correlated.txt;4;C;300;5;1335,00;0,6763;1335,00;0,0090;True
kpdwfs_sc4_id5_n500_b775_sets36_k528_correlated.txt;4;C;500;5;2415,00;3,8733;2415,00;0,1369;True
kpdwfs_sc4_id5_n700_b1085_sets36_k752_correlated.txt;4;C;700;5;3175,00;23,6609;3175,00;0,0130;True
kpdwfs_sc4_id5_n800_b1240_sets43_k848_correlated.txt;4;C;800;5;3520,00;61,1336;3520,00;0,0150;True
kpdwfs_sc4_id6_n1000_b1550_sets40_k1072_correlated.txt;4;C;1000;6;4565,00;132,5720;4565,00;0,0250;True
kpdwfs_sc4_id6_n300_b465_sets39_k320_correlated.txt;4;C;300;6;1315,00;0,7957;1315,00;0,0192;True
kpdwfs_sc4_id6_n500_b775_sets41_k528_correlated.txt;4;C;500;6;2185,00;5,1503;2185,00;0,0130;True
kpdwfs_sc4_id6_n700_b1085_sets43_k752_correlated.txt;4;C;700;6;3135,00;24,0734;3135,00;0,0150;True
kpdwfs_sc4_id6_n800_b1240_sets36_k848_correlated.txt;4;C;800;6;3570,00;62,7664;;;False
kpdwfs_sc4_id7_n1000_b1550_sets44_k1072_correlated.txt;4;C;1000;7;4560,00;149,2448;4560,00;0,0729;True
kpdwfs_sc4_id7_n300_b465_sets34_k320_correlated.txt;4;C;300;7;1345,00;0,7919;1345,00;0,0384;True
kpdwfs_sc4_id7_n500_b775_sets37_k528_correlated.txt;4;C;500;7;2235,00;5,6948;2235,00;0,0193;True
kpdwfs_sc4_id7_n700_b1085_sets39_k752_correlated.txt;4;C;700;7;3265,00;21,5667;3265,00;48,1196;True
kpdwfs_sc4_id7_n800_b1240_sets35_k848_correlated.txt;4;C;800;7;3630,00;67,8293;3630,00;0,0255;True
kpdwfs_sc4_id8_n1000_b1550_sets38_k1072_correlated.txt;4;C;1000;8;4555,00;130,5546;4555,00;0,0540;True
kpdwfs_sc4_id8_n300_b465_sets35_k320_correlated.txt;4;C;300;8;1405,00;0,7540;1405,00;0,1525;True
kpdwfs_sc4_id8_n500_b775_sets36_k528_correlated.txt;4;C;500;8;2415,00;4,6092;2415,00;0,0172;True
kpdwfs_sc4_id8_n700_b1085_sets35_k752_correlated.txt;4;C;700;8;3155,00;25,2904;3155,00;0,0266;True
kpdwfs_sc4_id8_n800_b1240_sets38_k848_correlated.txt;4;C;800;8;3640,00;60,1267;3640,00;0,0166;True
kpdwfs_sc4_id9_n1000_b1550_sets35_k1072_correlated.txt;4;C;1000;9;4490,00;132,0517;4490,00;0,0354;True
kpdwfs_sc4_id9_n300_b465_sets34_k320_correlated.txt;4;C;300;9;1305,00;0,7109;1305,00;0,0091;True
kpdwfs_sc4_id9_n500_b775_sets36_k528_correlated.txt;4;C;500;9;2185,00;5,2615;2185,00;0,1507;True
kpdwfs_sc4_id9_n700_b1085_sets38_k752_correlated.txt;4;C;700;9;3265,00;22,9390;3265,00;3,2859;True
kpdwfs_sc4_id9_n800_b1240_sets36_k848_correlated.txt;4;C;800;9;3640,00;61,6110;3640,00;0,0867;True
kpdwfs_sc4_id10_n1000_b1550_sets41_k1072_fully-correlated.txt;4;FC;1000;10;4560,00;139,6665;4560,00;0,0861;True
kpdwfs_sc4_id10_n300_b465_sets30_k320_fully-correlated.txt;4;FC;300;10;1345,00;0,7733;1345,00;0,0050;True
kpdwfs_sc4_id10_n500_b775_sets35_k528_fully-correlated.txt;4;FC;500;10;2185,00;5,1173;2185,00;0,0803;True
kpdwfs_sc4_id10_n700_b1085_sets34_k752_fully-correlated.txt;4;FC;700;10;3265,00;19,5614;3265,00;0,4849;True
kpdwfs_sc4_id10_n800_b1240_sets41_k848_fully-correlated.txt;4;FC;800;10;3537,00;73,8401;3537,00;0,0374;True
kpdwfs_sc4_id1_n1000_b1550_sets37_k1072_fully-correlated.txt;4;FC;1000;1;4553,00;133,1991;4553,00;0,0370;True
kpdwfs_sc4_id1_n300_b465_sets39_k320_fully-correlated.txt;4;FC;300;1;1295,00;0,6934;1295,00;0,1786;True
kpdwfs_sc4_id1_n500_b775_sets40_k528_fully-correlated.txt;4;FC;500;1;2305,00;6,5547;2305,00;0,0232;True
kpdwfs_sc4_id1_n700_b1085_sets36_k752_fully-correlated.txt;4;FC;700;1;3302,00;24,4143;3302,00;16,1076;True
kpdwfs_sc4_id1_n800_b1240_sets41_k848_fully-correlated.txt;4;FC;800;1;3665,00;63,4090;3665,00;0,0316;True
kpdwfs_sc4_id2_n1000_b1550_sets35_k1072_fully-correlated.txt;4;FC;1000;2;4590,00;129,3875;4590,00;0,0318;True
kpdwfs_sc4_id2_n300_b465_sets34_k320_fully-correlated.txt;4;FC;300;2;1385,00;0,7638;1385,00;0,0110;True
kpdwfs_sc4_id2_n500_b775_sets39_k528_fully-correlated.txt;4;FC;500;2;2370,00;5,0812;2370,00;0,0968;True
kpdwfs_sc4_id2_n700_b1085_sets40_k752_fully-correlated.txt;4;FC;700;2;3145,00;23,2866;3145,00;0,0307;True
kpdwfs_sc4_id2_n800_b1240_sets31_k848_fully-correlated.txt;4;FC;800;2;3604,00;69,6281;3604,00;0,0224;True
kpdwfs_sc4_id3_n1000_b1550_sets42_k1072_fully-correlated.txt;4;FC;1000;3;4750,00;135,6636;4750,00;0,0699;True
kpdwfs_sc4_id3_n300_b465_sets34_k320_fully-correlated.txt;4;FC;300;3;1345,00;0,7158;1345,00;0,0091;True
kpdwfs_sc4_id3_n500_b775_sets39_k528_fully-correlated.txt;4;FC;500;3;2225,00;4,4688;2225,00;0,0129;True
kpdwfs_sc4_id3_n700_b1085_sets40_k752_fully-correlated.txt;4;FC;700;3;3173,00;22,8913;3173,00;0,0352;True
kpdwfs_sc4_id3_n800_b1240_sets40_k848_fully-correlated.txt;4;FC;800;3;3594,00;65,3869;3594,00;0,0277;True
kpdwfs_sc4_id4_n1000_b1550_sets53_k1072_fully-correlated.txt;4;FC;1000;4;4570,00;141,6293;4570,00;0,8955;True
kpdwfs_sc4_id4_n300_b465_sets36_k320_fully-correlated.txt;4;FC;300;4;1315,00;0,7246;1315,00;0,0366;True
kpdwfs_sc4_id4_n500_b775_sets44_k528_fully-correlated.txt;4;FC;500;4;2245,00;6,9871;2245,00;1,1220;True
kpdwfs_sc4_id4_n700_b1085_sets33_k752_fully-correlated.txt;4;FC;700;4;3240,00;23,4899;3240,00;0,0353;True
kpdwfs_sc4_id4_n800_b1240_sets38_k848_fully-correlated.txt;4;FC;800;4;3680,00;62,6789;3680,00;0,0266;True
kpdwfs_sc4_id5_n1000_b1550_sets42_k1072_fully-correlated.txt;4;FC;1000;5;4610,00;137,0399;4610,00;0,0419;True
kpdwfs_sc4_id5_n300_b465_sets38_k320_fully-correlated.txt;4;FC;300;5;1335,00;0,7346;1335,00;0,0171;True
kpdwfs_sc4_id5_n500_b775_sets35_k528_fully-correlated.txt;4;FC;500;5;2297,00;4,5010;2297,00;0,0398;True
kpdwfs_sc4_id5_n700_b1085_sets39_k752_fully-correlated.txt;4;FC;700;5;3227,00;23,5751;3227,00;0,0270;True
kpdwfs_sc4_id5_n800_b1240_sets33_k848_fully-correlated.txt;4;FC;800;5;3666,00;64,9451;3666,00;0,0325;True
kpdwfs_sc4_id6_n1000_b1550_sets41_k1072_fully-correlated.txt;4;FC;1000;6;4518,00;140,0761;4518,00;0,0319;True
kpdwfs_sc4_id6_n300_b465_sets34_k320_fully-correlated.txt;4;FC;300;6;1425,00;0,6942;1425,00;0,0062;True
kpdwfs_sc4_id6_n500_b775_sets34_k528_fully-correlated.txt;4;FC;500;6;2335,00;4,9606;2335,00;0,0203;True
kpdwfs_sc4_id6_n700_b1085_sets37_k752_fully-correlated.txt;4;FC;700;6;3159,00;19,9201;3159,00;0,1962;True
kpdwfs_sc4_id6_n800_b1240_sets40_k848_fully-correlated.txt;4;FC;800;6;3580,00;74,9377;3580,00;0,1006;True
kpdwfs_sc4_id7_n1000_b1550_sets46_k1072_fully-correlated.txt;4;FC;1000;7;4560,00;155,6726;4560,00;0,3031;True
kpdwfs_sc4_id7_n300_b465_sets36_k320_fully-correlated.txt;4;FC;300;7;1425,00;0,7382;1425,00;0,0215;True
kpdwfs_sc4_id7_n500_b775_sets45_k528_fully-correlated.txt;4;FC;500;7;2152,00;5,8021;2152,00;0,0233;True
kpdwfs_sc4_id7_n700_b1085_sets44_k752_fully-correlated.txt;4;FC;700;7;3260,00;22,3437;3260,00;0,0446;True
kpdwfs_sc4_id7_n800_b1240_sets36_k848_fully-correlated.txt;4;FC;800;7;3660,00;70,2448;3660,00;0,0575;True
kpdwfs_sc4_id8_n1000_b1550_sets40_k1072_fully-correlated.txt;4;FC;1000;8;4577,00;143,3405;4577,00;0,0671;True
kpdwfs_sc4_id8_n300_b465_sets34_k320_fully-correlated.txt;4;FC;300;8;1335,00;0,7286;1335,00;0,0121;True
kpdwfs_sc4_id8_n500_b775_sets33_k528_fully-correlated.txt;4;FC;500;8;2186,00;4,7844;2186,00;0,0315;True
kpdwfs_sc4_id8_n700_b1085_sets42_k752_fully-correlated.txt;4;FC;700;8;3225,00;22,1589;3225,00;0,0334;True
kpdwfs_sc4_id8_n800_b1240_sets38_k848_fully-correlated.txt;4;FC;800;8;3860,00;59,7465;3860,00;0,0158;True
kpdwfs_sc4_id9_n1000_b1550_sets40_k1072_fully-correlated.txt;4;FC;1000;9;4710,00;152,1168;4710,00;0,2742;True
kpdwfs_sc4_id9_n300_b465_sets31_k320_fully-correlated.txt;4;FC;300;9;1315,00;0,7848;1315,00;0,0112;True
kpdwfs_sc4_id9_n500_b775_sets33_k528_fully-correlated.txt;4;FC;500;9;2115,00;4,2722;2115,00;0,1750;True
kpdwfs_sc4_id9_n700_b1085_sets37_k752_fully-correlated.txt;4;FC;700;9;3205,00;23,9983;3205,00;0,0725;True
kpdwfs_sc4_id9_n800_b1240_sets41_k848_fully-correlated.txt;4;FC;800;9;3580,00;70,5396;3580,00;0,0911;True
kpdwfs_sc4_id10_n1000_b1550_sets40_k1072_not-correlated.txt;4;NC;1000;10;5598,00;151,3575;5598,00;0,0198;True
kpdwfs_sc4_id10_n300_b465_sets35_k320_not-correlated.txt;4;NC;300;10;1691,00;0,7935;1691,00;0,0120;True
kpdwfs_sc4_id10_n500_b775_sets37_k528_not-correlated.txt;4;NC;500;10;2924,00;6,1616;2924,00;0,0184;True
kpdwfs_sc4_id10_n700_b1085_sets39_k752_not-correlated.txt;4;NC;700;10;3780,00;22,0968;3780,00;0,0158;True
kpdwfs_sc4_id10_n800_b1240_sets36_k848_not-correlated.txt;4;NC;800;10;4401,00;67,4798;4401,00;0,0158;True
kpdwfs_sc4_id1_n1000_b1550_sets37_k1072_not-correlated.txt;4;NC;1000;1;5314,00;146,8730;5314,00;0,0181;True
kpdwfs_sc4_id1_n300_b465_sets35_k320_not-correlated.txt;4;NC;300;1;1644,00;0,7535;1644,00;0,0155;True
kpdwfs_sc4_id1_n500_b775_sets35_k528_not-correlated.txt;4;NC;500;1;2760,00;4,6266;2760,00;0,0201;True
kpdwfs_sc4_id1_n700_b1085_sets46_k752_not-correlated.txt;4;NC;700;1;3613,00;22,2522;3613,00;0,0198;True
kpdwfs_sc4_id1_n800_b1240_sets36_k848_not-correlated.txt;4;NC;800;1;4191,00;67,8041;4191,00;0,0213;True
kpdwfs_sc4_id2_n1000_b1550_sets36_k1072_not-correlated.txt;4;NC;1000;2;5183,00;144,6439;5183,00;0,0273;True
kpdwfs_sc4_id2_n300_b465_sets36_k320_not-correlated.txt;4;NC;300;2;1645,00;0,7783;1645,00;0,0133;True
kpdwfs_sc4_id2_n500_b775_sets35_k528_not-correlated.txt;4;NC;500;2;2786,00;4,9644;2786,00;0,0306;True
kpdwfs_sc4_id2_n700_b1085_sets37_k752_not-correlated.txt;4;NC;700;2;3717,00;24,9508;3717,00;0,0293;True
kpdwfs_sc4_id2_n800_b1240_sets41_k848_not-correlated.txt;4;NC;800;2;4240,00;68,6114;4240,00;0,0270;True
kpdwfs_sc4_id3_n1000_b1550_sets34_k1072_not-correlated.txt;4;NC;1000;3;5504,00;141,3724;5504,00;0,0448;True
kpdwfs_sc4_id3_n300_b465_sets35_k320_not-correlated.txt;4;NC;300;3;1555,00;0,7515;1555,00;0,0093;True
kpdwfs_sc4_id3_n500_b775_sets33_k528_not-correlated.txt;4;NC;500;3;2733,00;4,7001;2733,00;0,0143;True
kpdwfs_sc4_id3_n700_b1085_sets38_k752_not-correlated.txt;4;NC;700;3;3778,00;22,1176;3778,00;0,0211;True
kpdwfs_sc4_id3_n800_b1240_sets42_k848_not-correlated.txt;4;NC;800;3;4170,00;65,7564;4170,00;0,0178;True
kpdwfs_sc4_id4_n1000_b1550_sets45_k1072_not-correlated.txt;4;NC;1000;4;5416,00;136,3074;5416,00;0,0183;True
kpdwfs_sc4_id4_n300_b465_sets35_k320_not-correlated.txt;4;NC;300;4;1881,00;0,6730;1881,00;0,0222;True
kpdwfs_sc4_id4_n500_b775_sets39_k528_not-correlated.txt;4;NC;500;4;2576,00;5,9615;2576,00;0,0142;True
kpdwfs_sc4_id4_n700_b1085_sets35_k752_not-correlated.txt;4;NC;700;4;3561,00;25,3450;3561,00;0,0145;True
kpdwfs_sc4_id4_n800_b1240_sets35_k848_not-correlated.txt;4;NC;800;4;4280,00;56,9895;4280,00;0,0229;True
kpdwfs_sc4_id5_n1000_b1550_sets36_k1072_not-correlated.txt;4;NC;1000;5;5071,00;137,8539;5071,00;0,0498;True
kpdwfs_sc4_id5_n300_b465_sets40_k320_not-correlated.txt;4;NC;300;5;1586,00;0,7650;1586,00;0,0100;True
kpdwfs_sc4_id5_n500_b775_sets40_k528_not-correlated.txt;4;NC;500;5;2693,00;5,9089;2693,00;0,0147;True
kpdwfs_sc4_id5_n700_b1085_sets36_k752_not-correlated.txt;4;NC;700;5;3672,00;22,6352;3672,00;0,0195;True
kpdwfs_sc4_id5_n800_b1240_sets41_k848_not-correlated.txt;4;NC;800;5;4116,00;69,0612;4116,00;0,0410;True
kpdwfs_sc4_id6_n1000_b1550_sets40_k1072_not-correlated.txt;4;NC;1000;6;5511,00;152,3496;5511,00;0,0336;True
kpdwfs_sc4_id6_n300_b465_sets38_k320_not-correlated.txt;4;NC;300;6;1718,00;0,7366;1718,00;0,0070;True
kpdwfs_sc4_id6_n500_b775_sets38_k528_not-correlated.txt;4;NC;500;6;2627,00;4,2641;2627,00;0,0195;True
kpdwfs_sc4_id6_n700_b1085_sets35_k752_not-correlated.txt;4;NC;700;6;3831,00;25,1924;3831,00;0,0157;True
kpdwfs_sc4_id6_n800_b1240_sets41_k848_not-correlated.txt;4;NC;800;6;4264,00;70,6428;4264,00;0,0351;True
kpdwfs_sc4_id7_n1000_b1550_sets39_k1072_not-correlated.txt;4;NC;1000;7;5491,00;147,0053;5491,00;0,0263;True
kpdwfs_sc4_id7_n300_b465_sets33_k320_not-correlated.txt;4;NC;300;7;1630,00;0,8424;1630,00;0,0100;True
kpdwfs_sc4_id7_n500_b775_sets36_k528_not-correlated.txt;4;NC;500;7;2838,00;5,0562;2838,00;0,0130;True
kpdwfs_sc4_id7_n700_b1085_sets38_k752_not-correlated.txt;4;NC;700;7;3838,00;22,2604;3838,00;0,0279;True
kpdwfs_sc4_id7_n800_b1240_sets36_k848_not-correlated.txt;4;NC;800;7;4307,00;66,3939;4307,00;0,0274;True
kpdwfs_sc4_id8_n1000_b1550_sets33_k1072_not-correlated.txt;4;NC;1000;8;5469,00;134,6001;5469,00;0,0397;True
kpdwfs_sc4_id8_n300_b465_sets37_k320_not-correlated.txt;4;NC;300;8;1636,00;0,7051;1636,00;0,0100;True
kpdwfs_sc4_id8_n500_b775_sets32_k528_not-correlated.txt;4;NC;500;8;2769,00;5,2262;2769,00;0,0226;True
kpdwfs_sc4_id8_n700_b1085_sets36_k752_not-correlated.txt;4;NC;700;8;4076,00;21,6222;4076,00;0,0181;True
kpdwfs_sc4_id8_n800_b1240_sets41_k848_not-correlated.txt;4;NC;800;8;4465,00;62,7390;4465,00;0,0198;True
kpdwfs_sc4_id9_n1000_b1550_sets40_k1072_not-correlated.txt;4;NC;1000;9;5385,00;135,0191;5385,00;0,0410;True
kpdwfs_sc4_id9_n300_b465_sets33_k320_not-correlated.txt;4;NC;300;9;1646,00;0,8092;1646,00;0,0111;True
kpdwfs_sc4_id9_n500_b775_sets42_k528_not-correlated.txt;4;NC;500;9;2632,00;5,0159;2632,00;0,0239;True
kpdwfs_sc4_id9_n700_b1085_sets42_k752_not-correlated.txt;4;NC;700;9;3743,00;20,9519;3743,00;0,0214;True
kpdwfs_sc4_id9_n800_b1240_sets41_k848_not-correlated.txt;4;NC;800;9;4211,00;66,3367;4211,00;0,0160;True
